cited_source,Business Horizons,Business Strategy and the Environment,Corporate Social Responsibility and Environmental Management,Economic Analysis and Policy,Energy Economics,Finance research letters,Financial Innovation,International Journal of Consumer Studies,International Journal of Operations & Production Management,International Journal of Physical Distribution & Logistics Management,International Journal of Production Economics,International Review of Financial Analysis,Journal of Hospitality Marketing & Management,Journal of Innovation & Knowledge,Journal of International Financial Markets Institutions and Money,Journal of Knowledge Management,Journal of Product Innovation Management,Journal of Research in Interactive Marketing,Journal of Retailing and Consumer Services,Research in International Business and Finance,Review of Managerial Science,Supply Chain Management An International Journal,Technological Forecasting and Social Change,Technovation,The British Accounting Review
Business Horizons,0.0,1.1795,0.3333,0.2821,0.1282,0.6923,0.4872,0.5385,0.2308,0.2051,1.0,0.4615,0.1282,0.641,0.0513,0.5128,0.2564,0.4359,1.5897,0.641,0.5897,0.5897,3.8974,1.0256,0.0
Business Strategy and the Environment,0.0061,0.0,6.5828,0.6074,0.8589,1.1227,0.0307,0.0798,0.1963,0.0368,0.5767,1.0061,0.0675,0.4847,0.1595,0.5276,0.0982,0.0061,0.092,0.6564,0.3988,0.227,2.0552,0.4172,0.1288
Corporate Social Responsibility and Environmental Management,0.0,6.0897,0.0,0.2949,0.5,1.1154,0.0513,0.0,0.0897,0.0128,0.2821,0.6667,0.1154,0.3718,0.1026,0.359,0.0128,0.0,0.1154,0.9487,0.4231,0.0128,1.0513,0.1795,0.0641
Economic Analysis and Policy,0.0,0.4237,0.5085,0.0,3.0339,2.7966,0.2712,0.0,0.0,0.0,0.0847,1.7627,0.0,0.0169,0.322,0.0169,0.0169,0.0,0.0339,0.7627,0.0,0.0169,0.9492,0.0678,0.0508
Energy Economics,0.0,0.7326,0.4167,2.7812,0.0,2.9931,0.4653,0.0,0.0104,0.0,0.0486,3.1632,0.0,0.1354,0.5486,0.0035,0.0104,0.0035,0.0208,1.8056,0.0069,0.0,2.3021,0.0243,0.1076
Finance research letters,0.0211,0.4683,0.4965,1.2359,2.6866,0.0,1.7359,0.0141,0.0106,0.0,0.0528,4.5528,0.0,0.1373,1.493,0.0141,0.0,0.0035,0.0317,5.493,0.0352,0.0035,1.3134,0.0106,0.0845
Financial Innovation,0.0,0.1739,0.0435,0.3913,1.4348,2.1304,0.0,0.0435,0.0,0.0,0.1304,1.7826,0.0,0.1304,0.4783,0.0,0.0435,0.0,0.1304,1.4783,0.0435,0.1304,0.7391,0.087,0.0
International Journal of Consumer Studies,0.125,1.0625,0.125,0.0,0.0312,0.1562,0.0312,0.0,0.0,0.125,0.0312,0.1562,0.2188,0.125,0.0,0.25,0.0312,0.6875,3.2188,0.3438,0.2812,0.0,1.7188,0.1875,0.0
International Journal of Operations & Production Management,0.0256,1.9231,0.4872,0.0769,0.1026,0.1026,0.0,0.1282,0.0,1.641,6.6154,0.1282,0.0,0.3077,0.0,0.2308,0.2051,0.0513,0.1538,0.0513,0.2308,3.7949,2.4359,1.3077,0.0
International Journal of Physical Distribution & Logistics Management,0.1176,3.2353,0.4118,0.0588,0.1765,0.1765,0.0588,0.2353,5.0588,0.0,6.2941,0.1176,0.0,0.2941,0.0,0.1765,0.0,0.0,1.3529,0.2353,0.3529,7.4706,1.2941,0.2941,0.0
International Journal of Production Economics,0.0283,4.1415,0.6698,0.1604,0.3679,0.3302,0.0755,0.1132,3.3962,1.3962,0.0,0.3019,0.0283,0.5283,0.0,0.5943,0.1981,0.0,0.3868,0.1226,0.283,3.5189,5.3113,1.2925,0.0
International Review of Financial Analysis,0.0,0.4922,0.6373,0.9689,3.9171,9.2591,1.5078,0.0052,0.0363,0.0,0.0725,0.0,0.0052,0.1399,1.4041,0.0155,0.0,0.0,0.0207,3.4352,0.0415,0.0,1.0259,0.0155,0.1295
Journal of Hospitality Marketing & Management,0.0,0.0,0.0,0.0,0.0,0.0,0.0,0.7647,0.0588,0.0,0.0,0.0,0.0,0.1765,0.0,0.1176,0.0588,0.2353,3.1176,0.0,0.1765,0.0,1.8235,0.1765,0.0
Journal of Innovation & Knowledge,0.0377,1.1132,0.6038,0.4528,0.3774,1.3774,0.1132,0.0377,0.0377,0.0189,0.1509,0.3962,0.0,0.0,0.0566,1.3208,0.0,0.0,0.0377,0.2075,0.4906,0.0189,2.5283,0.3585,0.0
Journal of International Financial Markets Institutions and Money,0.0,0.3415,0.5366,0.6341,2.3902,7.0488,2.3902,0.0,0.0,0.0,0.0244,5.6341,0.0,0.1463,0.0,0.0,0.0,0.0,0.0244,5.1463,0.122,0.0,1.0976,0.0244,0.1707
Journal of Knowledge Management,0.0263,1.5,0.8158,0.0,0.0789,0.0526,0.0,0.0263,0.0526,0.1053,0.2632,0.0,0.0526,1.1842,0.0,0.0,0.2105,0.0,0.0526,0.0263,0.6842,0.1579,3.3684,0.6316,0.0
Journal of Product Innovation Management,0.3077,1.8077,0.3846,0.0769,0.1154,0.2308,0.0,1.3077,0.7308,0.0385,1.0769,0.2692,0.0385,1.1154,0.0769,2.3846,0.0,0.0769,0.6923,0.1923,1.4231,0.2692,7.0769,6.3077,0.0385
Journal of Research in Interactive Marketing,0.0667,0.1333,0.0667,0.0667,0.0667,0.0,0.0,2.0667,0.0,0.0,0.1333,0.0,0.3333,0.0667,0.0,0.0,0.0,0.0,4.6667,0.0,0.2,0.0,1.0,0.0667,0.0
Journal of Retailing and Consumer Services,0.0283,0.7075,0.1981,0.0189,0.0094,0.0283,0.0377,1.6557,0.0142,0.0755,0.1462,0.0425,0.3255,0.1698,0.0,0.1274,0.0094,0.6085,0.0,0.0236,0.066,0.0189,1.3585,0.1132,0.0
Research in International Business and Finance,0.0,0.4024,0.8659,0.7317,1.1585,4.0488,1.0976,0.0,0.0244,0.0,0.0854,2.6951,0.0,0.0976,0.7439,0.0244,0.0,0.0,0.0122,0.0,0.0854,0.0,0.9878,0.0122,0.0366
Review of Managerial Science,0.1111,0.8519,0.5926,0.037,0.037,0.0741,0.0741,0.1111,0.1111,0.037,0.4074,0.1111,0.037,1.6296,0.037,0.4074,0.1481,0.0,0.2222,0.1852,0.0,0.0741,3.037,0.6296,0.0
Supply Chain Management An International Journal,0.0,2.72,0.64,0.0,0.2,0.04,0.16,0.04,4.8,2.0,5.92,0.04,0.0,0.64,0.0,0.4,0.04,0.0,0.2,0.16,0.12,0.0,3.12,0.28,0.04
Technological Forecasting and Social Change,0.0612,2.2338,0.8957,1.1547,2.259,1.3921,0.2482,0.1511,0.2914,0.0971,0.8993,0.8201,0.0647,0.8849,0.1727,0.9784,0.1763,0.0324,0.5288,0.8094,0.5432,0.2626,0.0,1.4748,0.0504
Technovation,0.2075,1.1698,0.4151,0.2642,0.3396,0.4528,0.1321,0.3962,0.4151,0.0755,0.9623,0.2453,0.0,1.1132,0.0,1.3962,0.4906,0.0566,0.2642,0.283,0.9623,0.283,6.5283,0.0,0.0377
The British Accounting Review,0.0,9.05,7.85,0.25,1.9,3.55,0.5,0.0,0.05,0.0,0.2,4.45,0.0,0.35,1.05,0.05,0.0,0.0,0.0,2.7,0.3,0.0,1.1,0.0,0.0
