journal,source_id,journal_name,ISSN,verified
EUROPEAN JOURNAL OF POLITICAL ECONOMY,https://openalex.org/S100134864,European Journal of Political Economy,0176-2680,True
NEGOTIATION AND CONFLICT MANAGEMENT RESEARCH,https://openalex.org/S100149336,Negotiation and Conflict Management Research,1750-4708,True
REVIEW OF DERIVATIVES RESEARCH,https://openalex.org/S100711025,Review of Derivatives Research,1380-6645,True
INTERNATIONAL JOURNAL OF STRATEGIC PROPERTY MANAGEMENT,https://openalex.org/S101163346,International Journal of Strategic Property Management,1648-715X,True
JOURNAL OF DEVELOPMENT ECONOMICS,https://openalex.org/S101209419,Journal of Development Economics,0304-3878,True
ECONOMIC RESEARCH-EKONOMSKA ISTRAZIVANJA,https://openalex.org/S1014724869,Economic Research-Ekonomska Istra?ivanja,1331-677X,True
AMFITEATRU ECONOMIC,https://openalex.org/S1027187413,Amfiteatru Economic,1582-9146,True
ENERGY JOURNAL,https://openalex.org/S102805530,The Energy Journal,0195-6574,True
STRATEGIC MANAGEMENT JOURNAL,https://openalex.org/S102949365,Strategic Management Journal,0143-2095,True
JOURNAL OF ADVERTISING,https://openalex.org/S103311983,Journal of Advertising,0091-3367,True
FINANCE A UVER-CZECH JOURNAL OF ECONOMICS AND FINANCE,https://openalex.org/S1041061247,Finance A Uver-czech Journal of Economics and Finance,0015-1920,True
INDEPENDENT REVIEW,https://openalex.org/S104160329,The independent review,1086-1653,True
ACTA OECONOMICA,https://openalex.org/S104354167,Acta Oeconomica,0001-6373,True
JOURNAL OF WORLD TRADE,https://openalex.org/S105430050,Journal of World Trade,1011-6702,True
EUROPEAN MANAGEMENT JOURNAL,https://openalex.org/S105567970,European Management Journal,0263-2373,True
EUROPEAN JOURNAL OF THE HISTORY OF ECONOMIC THOUGHT,https://openalex.org/S105799767,European Journal of the History of Economic Thought,0967-2567,True
OXFORD REVIEW OF ECONOMIC POLICY,https://openalex.org/S106098198,Oxford Review of Economic Policy,0266-903X,True
JOURNAL OF RISK AND UNCERTAINTY,https://openalex.org/S106686155,Journal of Risk and Uncertainty,0895-5646,True
JOURNAL OF ECONOMICS,https://openalex.org/S107033909,Journal of Economics,0931-8658,True
ASIA PACIFIC JOURNAL OF MANAGEMENT,https://openalex.org/S107036887,Asia Pacific Journal of Management,0217-4561,True
JOURNAL OF SERVICE MANAGEMENT,https://openalex.org/S107183665,Journal of service management,1757-5818,True
JOURNAL OF INTERNATIONAL MONEY AND FINANCE,https://openalex.org/S10747938,Journal of International Money and Finance,0261-5606,True
CULTURE AND ORGANIZATION,https://openalex.org/S1076045,Culture and Organization,1475-9551,True
INTERNATIONAL SMALL BUSINESS JOURNAL-RESEARCHING ENTREPRENEURSHIP,https://openalex.org/S107859553,International Small Business Journal Researching Entrepreneurship,0266-2426,True
AUSTRALIAN ECONOMIC HISTORY REVIEW,https://openalex.org/S108455820,Australian Economic History Review,0004-8992,True
ECONOMICA,https://openalex.org/S108845946,Economica,0013-0427,True
THEORETICAL ECONOMICS,https://openalex.org/S10997704,Theoretical Economics,1933-6837,True
JOURNAL OF ACCOUNTING RESEARCH,https://openalex.org/S111116695,Journal of Accounting Research,0021-8456,True
SCOTTISH JOURNAL OF POLITICAL ECONOMY,https://openalex.org/S111496547,Scottish Journal of Political Economy,0036-9292,True
PORTUGUESE ECONOMIC JOURNAL,https://openalex.org/S112983894,Portuguese Economic Journal,1617-982X,True
BUSINESS HORIZONS,https://openalex.org/S113237667,Business Horizons,0007-6813,True
HUMAN RESOURCE MANAGEMENT JOURNAL,https://openalex.org/S113497174,Human Resource Management Journal,0954-5395,True
JOURNAL OF THE ASIA PACIFIC ECONOMY,https://openalex.org/S113509650,Journal of the Asia Pacific Economy,1354-7860,True
STRATEGIC ORGANIZATION,https://openalex.org/S11394615,Strategic Organization,1476-1270,True
MANAGEMENT ACCOUNTING RESEARCH,https://openalex.org/S114140714,Management Accounting Research,1044-5005,True
JOURNAL OF ELECTRONIC COMMERCE RESEARCH,https://openalex.org/S114268679,Journal of electronic commerce research,1526-6133,True
JOURNAL OF REGULATORY ECONOMICS,https://openalex.org/S114801022,Journal of Regulatory Economics,0922-680X,True
TECHNOLOGICAL AND ECONOMIC DEVELOPMENT OF ECONOMY,https://openalex.org/S115091506,Technological and Economic Development of Economy,2029-4913,True
JOURNAL OF ECONOMICS & MANAGEMENT STRATEGY,https://openalex.org/S115237062,Journal of Economics & Management Strategy,1058-6407,True
NATIONAL TAX JOURNAL,https://openalex.org/S116184629,National Tax Journal,0028-0283,True
INTERNATIONAL JOURNAL OF EMERGING MARKETS,https://openalex.org/S116345831,International Journal of Emerging Markets,1746-8809,True
JOURNAL OF RISK AND INSURANCE,https://openalex.org/S116483603,Journal of Risk & Insurance,0022-4367,True
ASIAN ECONOMIC JOURNAL,https://openalex.org/S116662517,Asian Economic Journal,1351-3958,True
ASIAN JOURNAL OF TECHNOLOGY INNOVATION,https://openalex.org/S116778711,Asian Journal of Technology Innovation,1976-1597,True
ASIA PACIFIC BUSINESS REVIEW,https://openalex.org/S117460449,Asia Pacific Business Review,1360-2381,True
JOURNAL OF CONTINGENCIES AND CRISIS MANAGEMENT,https://openalex.org/S117541660,Journal of Contingencies and Crisis Management,0966-0879,True
WORLD BANK RESEARCH OBSERVER,https://openalex.org/S117685085,The World Bank Research Observer,0257-3032,True
ACADEMY OF MANAGEMENT JOURNAL,https://openalex.org/S117778295,Academy of Management Journal,0001-4273,True
INTERNATIONAL JOURNAL OF RESEARCH IN MARKETING,https://openalex.org/S11810700,International Journal of Research in Marketing,0167-8116,True
JOURNAL OF FAMILY BUSINESS STRATEGY,https://openalex.org/S118119388,Journal of Family Business Strategy,1877-8585,True
JOURNAL OF HOSPITALITY MARKETING & MANAGEMENT,https://openalex.org/S118298121,Journal of Hospitality Marketing & Management,1936-8623,True
REVIEW OF ACCOUNTING STUDIES,https://openalex.org/S11853582,Review of Accounting Studies,1380-6653,True
EUROPEAN JOURNAL OF INTERNATIONAL MANAGEMENT,https://openalex.org/S118637542,European J of International Management,1751-6757,True
JOURNAL OF BUSINESS & INDUSTRIAL MARKETING,https://openalex.org/S119587767,Journal of Business and Industrial Marketing,0885-8624,True
JOURNAL OF INTERNATIONAL MARKETING,https://openalex.org/S119908498,Journal of International Marketing,1069-031X,True
JOURNAL OF MARKETING RESEARCH,https://openalex.org/S119950638,Journal of Marketing Research,0022-2437,True
ENGINEERING CONSTRUCTION AND ARCHITECTURAL MANAGEMENT,https://openalex.org/S120049674,Engineering Construction & Architectural Management,0969-9988,True
REVIEW OF ECONOMICS OF THE HOUSEHOLD,https://openalex.org/S120253869,Review of Economics of the Household,1569-5239,True
JOURNAL OF EVOLUTIONARY ECONOMICS,https://openalex.org/S121026525,Journal of Evolutionary Economics,0936-9937,True
INTERNATIONAL REVIEW OF LAW AND ECONOMICS,https://openalex.org/S121409115,International Review of Law and Economics,0144-8188,True
JOURNAL OF FINANCIAL STABILITY,https://openalex.org/S121634618,Journal of Financial Stability,1572-3089,True
JOURNAL OF ECONOMIC HISTORY,https://openalex.org/S122073985,The Journal of Economic History,0022-0507,True
JOURNAL OF FORECASTING,https://openalex.org/S122161766,Journal of Forecasting,0277-6693,True
JCMS-JOURNAL OF COMMON MARKET STUDIES,https://openalex.org/S122406424,JCMS Journal of Common Market Studies,0021-9886,True
JOURNAL OF MANAGEMENT,https://openalex.org/S122767448,Journal of Management,0149-2063,True
INFORMATION TECHNOLOGY & MANAGEMENT,https://openalex.org/S122922407,Information Technology and Management,1385-951X,True
MATHEMATICS AND FINANCIAL ECONOMICS,https://openalex.org/S124412575,Mathematics and Financial Economics,1862-9679,True
JOURNAL OF ECONOMIC SURVEYS,https://openalex.org/S124549413,Journal of Economic Surveys,0950-0804,True
QUARTERLY REVIEW OF ECONOMICS AND FINANCE,https://openalex.org/S125273398,The Quarterly Review of Economics and Finance,1062-9769,True
JOURNAL OF SERVICE RESEARCH,https://openalex.org/S125608309,Journal of Service Research,1094-6705,True
INVESTIGACION ECONOMICA,https://openalex.org/S125733402,Investigación Económica,0185-1667,True
SYSTEMS RESEARCH AND BEHAVIORAL SCIENCE,https://openalex.org/S126013225,Systems Research and Behavioral Science,1092-7026,True
NBER MACROECONOMICS ANNUAL,https://openalex.org/S127060114,NBER Macroeconomics Annual,0889-3365,True
JOURNAL OF FINANCIAL MARKETS,https://openalex.org/S127646213,Journal of Financial Markets,1386-4181,True
JOURNAL OF ECONOMIC LITERATURE,https://openalex.org/S127708089,Journal of Economic Literature,0022-0515,True
JOURNAL OF ECONOMETRICS,https://openalex.org/S127742747,Journal of Econometrics,0304-4076,True
DEVELOPING ECONOMIES,https://openalex.org/S128035191,The Developing Economies,0012-1533,True
CORPORATE SOCIAL RESPONSIBILITY AND ENVIRONMENTAL MANAGEMENT,https://openalex.org/S12818680,Corporate Social Responsibility and Environmental Management,1535-3958,True
ECONOMICS AND PHILOSOPHY,https://openalex.org/S128223704,Economics and Philosophy,0266-2671,True
MANAGEMENT INTERNATIONAL REVIEW,https://openalex.org/S128478731,Management International Review,0938-8249,True
JOURNAL OF ECONOMIC EDUCATION,https://openalex.org/S128621090,The Journal of Economic Education,0022-0485,True
REAL ESTATE ECONOMICS,https://openalex.org/S129086836,Real Estate Economics,1080-8620,True
OPEN ECONOMIES REVIEW,https://openalex.org/S129650269,Open Economies Review,0923-7992,True
ECONOMIC RECORD,https://openalex.org/S130179515,Economic Record,0013-0249,True
FUTURES,https://openalex.org/S130638383,Futures,0016-3287,True
TECHNOLOGY ANALYSIS & STRATEGIC MANAGEMENT,https://openalex.org/S130699561,Technology Analysis and Strategic Management,0953-7325,True
REVIEW OF FINANCE,https://openalex.org/S131117787,Review of Finance,1572-3097,True
ACCOUNTING FORUM,https://openalex.org/S131296671,Accounting Forum,0155-9982,True
EUROPEAN FINANCIAL MANAGEMENT,https://openalex.org/S131852005,European Financial Management,1354-7798,True
INTERNATIONAL JOURNAL OF GAME THEORY,https://openalex.org/S132210109,International Journal of Game Theory,0020-7276,True
CREATIVITY AND INNOVATION MANAGEMENT,https://openalex.org/S132285554,Creativity and Innovation Management,0963-1690,True
MATHEMATICAL FINANCE,https://openalex.org/S133335107,Mathematical Finance,0960-1627,True
ORGANIZATIONAL RESEARCH METHODS,https://openalex.org/S133599136,Organizational Research Methods,1094-4281,True
EMPIRICA,https://openalex.org/S133770707,Empirica,0340-8744,True
HUMAN RESOURCE MANAGEMENT,https://openalex.org/S134094273,Human Resource Management,0090-4848,True
THEORY AND DECISION,https://openalex.org/S134979503,Theory and Decision,0040-5833,True
ECONOMETRIC REVIEWS,https://openalex.org/S134988049,Econometric Reviews,0747-4938,True
ECOLOGICAL ECONOMICS,https://openalex.org/S136211407,Ecological Economics,0921-8009,True
JOURNAL OF FUTURES MARKETS,https://openalex.org/S136612413,Journal of Futures Markets,0270-7314,True
MANAGERIAL AUDITING JOURNAL,https://openalex.org/S136661304,Managerial Auditing Journal,0268-6902,True
GERMAN ECONOMIC REVIEW,https://openalex.org/S13669392,German Economic Review,1465-6485,True
MACROECONOMIC DYNAMICS,https://openalex.org/S136745531,Macroeconomic Dynamics,1365-1005,True
ELECTRONIC MARKETS,https://openalex.org/S137519996,Electronic Markets,1019-6781,True
MANAGERIAL AND DECISION ECONOMICS,https://openalex.org/S138400101,Managerial and Decision Economics,0143-6570,True
JOURNAL OF COMPARATIVE ECONOMICS,https://openalex.org/S138645024,Journal of Comparative Economics,0147-5967,True
JOURNAL OF BUSINESS-TO-BUSINESS MARKETING,https://openalex.org/S139478629,Journal of Business-to-Business Marketing,1051-712X,True
REVISTA DE ECONOMIA MUNDIAL,https://openalex.org/S140389752,Revista de Economía Mundial,1576-0162,True
CORNELL HOSPITALITY QUARTERLY,https://openalex.org/S140551370,Cornell Hospitality Quarterly,1938-9655,True
REVIEW OF ENVIRONMENTAL ECONOMICS AND POLICY,https://openalex.org/S140842003,Review of Environmental Economics and Policy,1750-6816,True
ECONOMIC MODELLING,https://openalex.org/S141184754,Economic Modelling,0264-9993,True
FISCAL STUDIES,https://openalex.org/S141600920,Fiscal Studies,0143-5671,True
JOURNAL OF OPERATIONS MANAGEMENT,https://openalex.org/S142306484,Journal of Operations Management,0272-6963,True
JOURNAL OF CONTEMPORARY ACCOUNTING & ECONOMICS,https://openalex.org/S142725411,Journal of Contemporary Accounting & Economics,1815-5669,True
JOURNAL OF MARKETING MANAGEMENT,https://openalex.org/S14291815,Journal of Marketing Management,0267-257X,True
JOURNAL OF MARKETING,https://openalex.org/S142990027,Journal of Marketing,0022-2429,True
ADMINISTRATIVE SCIENCE QUARTERLY,https://openalex.org/S143668711,Administrative Science Quarterly,0001-8392,True
JOURNAL OF PORTFOLIO MANAGEMENT,https://openalex.org/S143806524,The Journal of Portfolio Management,0095-4918,True
JOURNAL OF WORLD BUSINESS,https://openalex.org/S143995394,Journal of World Business,1090-9516,True
JOURNAL OF AGRICULTURAL ECONOMICS,https://openalex.org/S14468722,Journal of Agricultural Economics,0021-857X,True
AUSTRALIAN ACCOUNTING REVIEW,https://openalex.org/S144747835,Australian Accounting Review,1035-6908,True
HEALTH ECONOMICS,https://openalex.org/S145200904,Health Economics,1057-9230,True
JOURNAL OF CONSUMER RESEARCH,https://openalex.org/S145429826,Journal of Consumer Research,0093-5301,True
EXPLORATIONS IN ECONOMIC HISTORY,https://openalex.org/S145471836,Explorations in Economic History,0014-4983,True
INDUSTRIAL AND CORPORATE CHANGE,https://openalex.org/S145507837,Industrial and Corporate Change,0960-6491,True
INTERNATIONAL REVIEW OF FINANCIAL ANALYSIS,https://openalex.org/S145572626,International Review of Financial Analysis,1057-5219,True
JOURNAL OF EMPIRICAL FINANCE,https://openalex.org/S145875555,Journal of Empirical Finance,0927-5398,True
INTERNATIONAL JOURNAL OF FINANCE & ECONOMICS,https://openalex.org/S146099957,International Journal of Finance & Economics,1076-9307,True
NEW POLITICAL ECONOMY,https://openalex.org/S146242404,New Political Economy,1356-3467,True
JOURNAL OF INSTITUTIONAL ECONOMICS,https://openalex.org/S146268463,Journal of Institutional Economics,1744-1374,True
JOURNAL OF ECONOMIC INTERACTION AND COORDINATION,https://openalex.org/S146534985,Journal of Economic Interaction and Coordination,1860-711X,True
PANOECONOMICUS,https://openalex.org/S147126554,Panoeconomicus,1452-595X,True
JOURNAL OF URBAN ECONOMICS,https://openalex.org/S147692640,Journal of Urban Economics,0094-1190,True
FEMINIST ECONOMICS,https://openalex.org/S148397273,Feminist Economics,1354-5701,True
MARKETING LETTERS,https://openalex.org/S148909191,Marketing Letters,0923-0645,True
JOURNAL OF ECONOMIC THEORY,https://openalex.org/S149131268,Journal of Economic Theory,0022-0531,True
CHINESE MANAGEMENT STUDIES,https://openalex.org/S149205526,Chinese Management Studies,1750-614X,True
JOURNAL OF FINANCIAL ECONOMICS,https://openalex.org/S149240962,Journal of Financial Economics,0304-405X,True
EASTERN EUROPEAN ECONOMICS,https://openalex.org/S149339240,Eastern European Economics,0012-8775,True
AUSTRALIAN ECONOMIC REVIEW,https://openalex.org/S149486094,Australian Economic Review,0004-9018,True
GROUP DECISION AND NEGOTIATION,https://openalex.org/S149709236,Group Decision and Negotiation,0926-2644,True
GLOBAL FINANCE JOURNAL,https://openalex.org/S150702451,Global Finance Journal,1044-0283,True
POST-COMMUNIST ECONOMIES,https://openalex.org/S151220816,Post-Communist Economies,1463-1377,True
JOURNAL OF POST KEYNESIAN ECONOMICS,https://openalex.org/S151404345,Journal of Post Keynesian Economics,0160-3477,True
GENEVA PAPERS ON RISK AND INSURANCE-ISSUES AND PRACTICE,https://openalex.org/S151491554,The Geneva Papers on Risk and Insurance Issues and Practice,1018-5895,True
JOURNAL OF MANAGEMENT STUDIES,https://openalex.org/S151705444,Journal of Management Studies,0022-2380,True
JOURNAL OF CORPORATE FINANCE,https://openalex.org/S152282257,Journal of Corporate Finance,0929-1199,True
LEADERSHIP QUARTERLY,https://openalex.org/S152304618,The Leadership Quarterly,1048-9843,True
INTERNATIONAL JOURNAL OF AUDITING,https://openalex.org/S152372256,International Journal of Auditing,1090-6738,True
RESEARCH-TECHNOLOGY MANAGEMENT,https://openalex.org/S152897404,Research-Technology Management,0895-6308,True
INTERNATIONAL JOURNAL OF LEAN SIX SIGMA,https://openalex.org/S152972827,International Journal of Lean Six Sigma,2040-4166,True
SOCIO-ECONOMIC PLANNING SCIENCES,https://openalex.org/S153485742,Socio-Economic Planning Sciences,0038-0121,True
BALTIC JOURNAL OF MANAGEMENT,https://openalex.org/S153849593,Baltic Journal of Management,1746-5265,True
INTERNATIONAL JOURNAL OF TRANSPORT ECONOMICS,https://openalex.org/S153975964,Rivista Internazionale di Economia dei Trasporti,0303-5247,True
MANAGEMENT DECISION,https://openalex.org/S154010748,Management Decision,0025-1747,True
IEEE TRANSACTIONS ON ENGINEERING MANAGEMENT,https://openalex.org/S154533451,IEEE Transactions on Engineering Management,0018-9391,True
AGRICULTURAL ECONOMICS,https://openalex.org/S154775064,Agricultural Economics,0169-5150,True
MARINE RESOURCE ECONOMICS,https://openalex.org/S155153587,Marine Resource Economics,0738-1360,True
NORTH AMERICAN JOURNAL OF ECONOMICS AND FINANCE,https://openalex.org/S155526628,The North American Journal of Economics and Finance,1062-9408,True
QUANTITATIVE ECONOMICS,https://openalex.org/S156003414,Quantitative Economics,1759-7323,True
ECONOMICS OF GOVERNANCE,https://openalex.org/S156716048,Economics of Governance,1435-6104,True
SOUTH AFRICAN JOURNAL OF ECONOMIC AND MANAGEMENT SCIENCES,https://openalex.org/S157344451,South African Journal of Economic and Management Sciences,1015-8812,True
INTERNATIONAL JOURNAL OF ISLAMIC AND MIDDLE EASTERN FINANCE AND MANAGEMENT,https://openalex.org/S157427695,International Journal of Islamic and Middle Eastern Finance and Management,1753-8394,True
FINANCIAL MANAGEMENT,https://openalex.org/S157946625,Financial Management,0046-3892,True
AMERICAN ECONOMIC JOURNAL-ECONOMIC POLICY,https://openalex.org/S158011328,American Economic Journal Economic Policy,1945-7731,True
JOURNAL OF RETAILING,https://openalex.org/S159120381,Journal of Retailing,0022-4359,True
ECONOMIC AND LABOUR RELATIONS REVIEW,https://openalex.org/S159137118,The Economic and Labour Relations Review,1035-3046,True
REVUE D ETUDES COMPARATIVES EST-OUEST,https://openalex.org/S15976965,Revue d’études comparatives Est-Ouest,0338-0599,True
ENTERPRISE & SOCIETY,https://openalex.org/S16035445,Enterprise & Society,1467-2227,True
JOURNAL OF THE JAPANESE AND INTERNATIONAL ECONOMIES,https://openalex.org/S160393188,Journal of the Japanese and International Economies,0889-1583,True
ACCOUNTING REVIEW,https://openalex.org/S160506855,The Accounting Review,0001-4826,True
ABACUS-A JOURNAL OF ACCOUNTING FINANCE AND BUSINESS STUDIES,https://openalex.org/S161221442,Abacus,0001-3072,True
INTERNATIONAL JOURNAL OF ECONOMIC THEORY,https://openalex.org/S16146169,International Journal of Economic Theory,1742-7355,True
FINANCIAL ANALYSTS JOURNAL,https://openalex.org/S162525099,Financial Analysts Journal,0015-198X,True
INTERNATIONAL JOURNAL OF MARKET RESEARCH,https://openalex.org/S162526994,International Journal of Market Research,1470-7853,True
SOUTHERN ECONOMIC JOURNAL,https://openalex.org/S16296580,Southern Economic Journal,0038-4038,True
REVIEW OF ECONOMIC DYNAMICS,https://openalex.org/S163499366,Review of Economic Dynamics,1094-2025,True
MARKETING SCIENCE,https://openalex.org/S163534328,Marketing Science,0732-2399,True
LABOUR ECONOMICS,https://openalex.org/S163774179,Labour Economics,0927-5371,True
INTERNATIONAL JOURNAL OF OPERATIONS & PRODUCTION MANAGEMENT,https://openalex.org/S164321952,International Journal of Operations & Production Management,0144-3577,True
JOURNAL OF WORLD ENERGY LAW & BUSINESS,https://openalex.org/S164333781,The Journal of World Energy Law & Business,1754-9957,True
ENVIRONMENT AND DEVELOPMENT ECONOMICS,https://openalex.org/S164923136,Environment and Development Economics,1355-770X,True
RESOURCE AND ENERGY ECONOMICS,https://openalex.org/S165058066,Resource and Energy Economics,0928-7655,True
JOURNAL OF THE EUROPEAN ECONOMIC ASSOCIATION,https://openalex.org/S165087003,Journal of the European Economic Association,1542-4766,True
SCANDINAVIAN JOURNAL OF ECONOMICS,https://openalex.org/S165253824,Scandinavian Journal of Economics,0347-0520,True
EUROPEAN JOURNAL OF HEALTH ECONOMICS,https://openalex.org/S16530434,The European Journal of Health Economics,1618-7598,True
ECONOMIC HISTORY REVIEW,https://openalex.org/S165492527,The Economic History Review,0013-0117,True
B E JOURNAL OF THEORETICAL ECONOMICS,https://openalex.org/S165881774,The B E Journal of Theoretical Economics,2194-6124,True
JOURNAL OF COMPUTATIONAL FINANCE,https://openalex.org/S165973286,The Journal of Computational Finance,1460-1559,True
EMERGING MARKETS FINANCE AND TRADE,https://openalex.org/S166264140,Emerging Markets Finance and Trade,1540-496X,True
JOURNAL OF HEALTH ECONOMICS,https://openalex.org/S166621295,Journal of Health Economics,0167-6296,True
INTERNATIONAL REVIEW OF ECONOMICS & FINANCE,https://openalex.org/S168273071,International Review of Economics & Finance,1059-0560,True
ANNALS OF ECONOMICS AND FINANCE,https://openalex.org/S168680943,Annals of economics and finance,1529-7373,True
MANAGEMENT & ORGANIZATIONAL HISTORY,https://openalex.org/S168697966,Management & Organizational History,1744-9359,True
INFORMATION ECONOMICS AND POLICY,https://openalex.org/S169221615,Information Economics and Policy,0167-6245,True
JOURNAL OF AGRARIAN CHANGE,https://openalex.org/S17004734,Journal of Agrarian Change,1471-0358,True
REVIEW OF FINANCIAL STUDIES,https://openalex.org/S170137484,Review of Financial Studies,0893-9454,True
AMERICAN ECONOMIC JOURNAL-MACROECONOMICS,https://openalex.org/S170166683,American Economic Journal Macroeconomics,1945-7707,True
JOURNAL OF AUSTRALIAN POLITICAL ECONOMY,https://openalex.org/S170200280,Journal of Australian political economy,0156-5826,True
INTERNATIONAL JOURNAL OF ENTREPRENEURIAL BEHAVIOR & RESEARCH,https://openalex.org/S170231156,International Journal of Entrepreneurial Behaviour & Research,1355-2554,True
INTERNATIONAL JOURNAL OF BANK MARKETING,https://openalex.org/S170810187,International Journal of Bank Marketing,0265-2323,True
BULLETIN OF ECONOMIC RESEARCH,https://openalex.org/S170913539,Bulletin of Economic Research,0307-3378,True
CHINA AGRICULTURAL ECONOMIC REVIEW,https://openalex.org/S171031257,China Agricultural Economic Review,1756-137X,True
EUROPEAN ACCOUNTING REVIEW,https://openalex.org/S171424506,European Accounting Review,0963-8180,True
INTERNATIONAL JOURNAL OF TECHNOLOGY MANAGEMENT,https://openalex.org/S171720814,International Journal of Technology Management,0267-5730,True
METROECONOMICA,https://openalex.org/S171812798,Metroeconomica,0026-1386,True
SCANDINAVIAN JOURNAL OF MANAGEMENT,https://openalex.org/S171971387,Scandinavian Journal of Management,0956-5221,True
FINANCE AND STOCHASTICS,https://openalex.org/S172526255,Finance and Stochastics,0949-2984,True
CALIFORNIA MANAGEMENT REVIEW,https://openalex.org/S172782825,California Management Review,0008-1256,True
INTERNATIONAL JOURNAL OF CONSUMER STUDIES,https://openalex.org/S173807628,International Journal of Consumer Studies,1470-6423,True
JOURNAL OF DERIVATIVES,https://openalex.org/S173901576,The Journal of Derivatives,1074-1240,True
REVIEW OF INCOME AND WEALTH,https://openalex.org/S174413665,Review of Income and Wealth,0034-6586,True
GENDER IN MANAGEMENT,https://openalex.org/S175013504,Gender in Management An International Journal,1754-2413,True
ARGUMENTA OECONOMICA,https://openalex.org/S175723052,Argumenta Oeconomica,1233-5835,True
NEW TECHNOLOGY WORK AND EMPLOYMENT,https://openalex.org/S175747132,New Technology Work and Employment,0268-1072,True
ECONOMIC DEVELOPMENT QUARTERLY,https://openalex.org/S175759345,Economic Development Quarterly,0891-2424,True
TRIMESTRE ECONOMICO,https://openalex.org/S175963831,El Trimestre Económico,0041-3011,True
MANAGEMENT COMMUNICATION QUARTERLY,https://openalex.org/S176497116,Management Communication Quarterly,0893-3189,True
JOURNAL OF MACROECONOMICS,https://openalex.org/S176795851,Journal of Macroeconomics,0164-0704,True
EUROPEAN REVIEW OF ECONOMIC HISTORY,https://openalex.org/S176820844,European Review of Economic History,1361-4916,True
AUSTRALIAN JOURNAL OF MANAGEMENT,https://openalex.org/S177092143,Australian Journal of Management,0312-8962,True
DECISION SCIENCES,https://openalex.org/S177792750,Decision Sciences,0011-7315,True
EMPIRICAL ECONOMICS,https://openalex.org/S178258306,Empirical Economics,0377-7332,True
CANADIAN JOURNAL OF AGRICULTURAL ECONOMICS-REVUE CANADIENNE D AGROECONOMIE,https://openalex.org/S179517972,Canadian Journal of Agricultural Economics/Revue canadienne d agroeconomie,0008-3976,True
JOURNAL OF MANAGEMENT INQUIRY,https://openalex.org/S17986141,Journal of Management Inquiry,1056-4926,True
INTERNATIONAL ECONOMIC REVIEW,https://openalex.org/S179979277,International Economic Review,0020-6598,True
REVIEW OF ECONOMICS AND STATISTICS,https://openalex.org/S180061323,The Review of Economics and Statistics,0034-6535,True
JOURNAL OF SERVICES MARKETING,https://openalex.org/S180851279,Journal of Services Marketing,0887-6045,True
JOURNAL OF BUSINESS & ECONOMIC STATISTICS,https://openalex.org/S18095783,Journal of Business and Economic Statistics,0735-0015,True
JOURNAL OF ECONOMIC GROWTH,https://openalex.org/S181171746,Journal of Economic Growth,1381-4338,True
ACCOUNTING HORIZONS,https://openalex.org/S181356434,Accounting Horizons,0888-7993,True
EXPERIMENTAL ECONOMICS,https://openalex.org/S181493553,Experimental Economics,1386-4157,True
CAREER DEVELOPMENT INTERNATIONAL,https://openalex.org/S182336501,Career Development International,1362-0436,True
ECONOMIC SYSTEMS RESEARCH,https://openalex.org/S182651638,Economic Systems Research,0953-5314,True
QUANTITATIVE FINANCE,https://openalex.org/S182689569,Quantitative Finance,1469-7688,True
JOURNAL OF POPULATION ECONOMICS,https://openalex.org/S18284184,Journal of Population Economics,0933-1433,True
INTERNATIONAL JOURNAL OF INDUSTRIAL ORGANIZATION,https://openalex.org/S183232449,International Journal of Industrial Organization,0167-7187,True
JOURNAL OF OPERATIONAL RISK,https://openalex.org/S183802457,The Journal of Operational Risk,1744-6740,True
SUSTAINABILITY ACCOUNTING MANAGEMENT AND POLICY JOURNAL,https://openalex.org/S183939566,Sustainability Accounting Management and Policy Journal,2040-8021,True
BRITISH JOURNAL OF MANAGEMENT,https://openalex.org/S184126201,British Journal of Management,1045-3172,True
INTERNATIONAL JOURNAL OF ELECTRONIC COMMERCE,https://openalex.org/S18436875,International Journal of Electronic Commerce,1086-4415,True
JOURNAL OF PUBLIC ECONOMIC THEORY,https://openalex.org/S184446198,Journal of Public Economic Theory,1097-3923,True
INTERNATIONAL JOURNAL OF HUMAN RESOURCE MANAGEMENT,https://openalex.org/S184846731,The International Journal of Human Resource Management,0958-5192,True
HUMAN RESOURCE MANAGEMENT REVIEW,https://openalex.org/S185253248,Human Resource Management Review,1053-4822,True
JOURNAL OF KOREA TRADE,https://openalex.org/S185325801,Journal of Korea Trade,1229-828X,True
JOURNAL OF AGRICULTURAL AND RESOURCE ECONOMICS,https://openalex.org/S185653637,Journal of agricultural and resource economics,1068-5502,True
JOURNAL OF TECHNOLOGY TRANSFER,https://openalex.org/S185905316,The Journal of Technology Transfer,0892-9912,True
CONTEMPORARY ECONOMIC POLICY,https://openalex.org/S185930956,Contemporary Economic Policy,1074-3529,True
COMPETITION & CHANGE,https://openalex.org/S187200255,Competition & Change,1024-5294,True
ENTREPRENEURSHIP THEORY AND PRACTICE,https://openalex.org/S187626162,Entrepreneurship Theory and Practice,1042-2587,True
ELECTRONIC COMMERCE RESEARCH AND APPLICATIONS,https://openalex.org/S187709482,Electronic Commerce Research and Applications,1567-4223,True
JOURNAL OF HOSPITALITY AND TOURISM MANAGEMENT,https://openalex.org/S187788904,Journal of Hospitality and Tourism Management,1447-6770,True
ECON JOURNAL WATCH,https://openalex.org/S188292526,Econ journal watch,1933-527X,True
CONSUMPTION MARKETS & CULTURE,https://openalex.org/S189738091,Consumption Markets & Culture,1025-3866,True
JOURNAL OF CONSUMER AFFAIRS,https://openalex.org/S189751245,Journal of Consumer Affairs,0022-0078,True
DEFENCE AND PEACE ECONOMICS,https://openalex.org/S191005381,Defence and Peace Economics,1024-2694,True
ASIA PACIFIC JOURNAL OF MARKETING AND LOGISTICS,https://openalex.org/S191031105,Asia Pacific Journal of Marketing and Logistics,1355-5855,True
JOURNAL OF FASHION MARKETING AND MANAGEMENT,https://openalex.org/S191114782,Journal of Fashion Marketing and Management,1361-2026,True
JOURNAL OF INTELLECTUAL CAPITAL,https://openalex.org/S191556934,Journal of Intellectual Capital,1469-1930,True
HUMAN RESOURCE DEVELOPMENT QUARTERLY,https://openalex.org/S191693275,Human Resource Development Quarterly,1044-8004,True
ECONOMICS OF INNOVATION AND NEW TECHNOLOGY,https://openalex.org/S192056284,Economics of Innovation and New Technology,1043-8599,True
GROUP & ORGANIZATION MANAGEMENT,https://openalex.org/S192266589,Group & Organization Management,1059-6011,True
JOURNAL OF FINANCIAL AND QUANTITATIVE ANALYSIS,https://openalex.org/S193228710,Journal of Financial and Quantitative Analysis,0022-1090,True
STUDIES IN NONLINEAR DYNAMICS AND ECONOMETRICS,https://openalex.org/S193530623,Studies in Nonlinear Dynamics and Econometrics,1081-1826,True
INTERNATIONAL JOURNAL OF ADVERTISING,https://openalex.org/S19358283,International Journal of Advertising,0265-0487,True
GENEVA RISK AND INSURANCE REVIEW,https://openalex.org/S194824457,The Geneva Risk and Insurance Review,1554-964X,True
MARKETING THEORY,https://openalex.org/S195188575,Marketing Theory,1470-5931,True
ORGANIZATIONAL DYNAMICS,https://openalex.org/S195297104,Organizational Dynamics,0090-2616,True
MIT SLOAN MANAGEMENT REVIEW,https://openalex.org/S196034224,MIT Sloan management review,1532-8937,True
PROJECT MANAGEMENT JOURNAL,https://openalex.org/S196205230,Project Management Journal,8756-9728,True
CHINA ECONOMIC REVIEW,https://openalex.org/S19645890,China Economic Review,1043-951X,True
B E JOURNAL OF MACROECONOMICS,https://openalex.org/S196564809,The B E Journal of Macroeconomics,2194-6116,True
ANNUAL REVIEW OF ECONOMICS,https://openalex.org/S196715598,Annual Review of Economics,1941-1383,True
JOURNAL OF HUMAN CAPITAL,https://openalex.org/S196716848,Journal of Human Capital,1932-8575,True
FAMILY BUSINESS REVIEW,https://openalex.org/S196919950,Family Business Review,0894-4865,True
EMERGING MARKETS REVIEW,https://openalex.org/S197112600,Emerging Markets Review,1566-0141,True
JOURNAL OF ORGANIZATIONAL CHANGE MANAGEMENT,https://openalex.org/S197145128,Journal of Organizational Change Management,0953-4814,True
BRITISH ACCOUNTING REVIEW,https://openalex.org/S197396629,The British Accounting Review,0890-8389,True
ECONOMICS & POLITICS,https://openalex.org/S197981039,Economics and Politics,0954-1985,True
JOURNAL OF INTERNATIONAL ECONOMICS,https://openalex.org/S198098467,Journal of International Economics,0022-1996,True
INSURANCE MATHEMATICS & ECONOMICS,https://openalex.org/S198325475,Insurance Mathematics and Economics,0167-6687,True
ACCOUNTING ORGANIZATIONS AND SOCIETY,https://openalex.org/S198892436,Accounting Organizations and Society,0361-3682,True
ECONOMICS & HUMAN BIOLOGY,https://openalex.org/S19927788,Economics & Human Biology,1570-677X,True
JOURNAL OF PUBLIC ECONOMICS,https://openalex.org/S199447588,Journal of Public Economics,0047-2727,True
INNOVATION-ORGANIZATION & MANAGEMENT,https://openalex.org/S199690760,Innovation,1447-9338,True
PACIFIC ECONOMIC REVIEW,https://openalex.org/S200274427,Pacific Economic Review,1361-374X,True
CEPAL REVIEW,https://openalex.org/S200768828,CEPAL review,0251-2920,True
MANCHESTER SCHOOL,https://openalex.org/S200838492,Manchester School,1463-6786,True
JOURNAL OF ENVIRONMENTAL ECONOMICS AND MANAGEMENT,https://openalex.org/S200872515,Journal of Environmental Economics and Management,0095-0696,True
INTERNATIONAL JOURNAL OF MANPOWER,https://openalex.org/S201037040,International Journal of Manpower,0143-7720,True
APPLIED ECONOMICS,https://openalex.org/S201533460,Applied Economics,0003-6846,True
CANADIAN JOURNAL OF ADMINISTRATIVE SCIENCES-REVUE CANADIENNE DES SCIENCES DE L ADMINISTRATION,https://openalex.org/S201675752,Canadian Journal of Administrative Sciences / Revue Canadienne des Sciences de l Administration,0825-0383,True
REVIEW OF RADICAL POLITICAL ECONOMICS,https://openalex.org/S201928713,Review of Radical Political Economics,0486-6134,True
SCIENCE TECHNOLOGY AND SOCIETY,https://openalex.org/S202144432,Science Technology and Society,0971-7218,True
JOURNAL OF REAL ESTATE FINANCE AND ECONOMICS,https://openalex.org/S202178085,The Journal of Real Estate Finance and Economics,0895-5638,True
JOURNAL OF MATHEMATICAL ECONOMICS,https://openalex.org/S202934171,Journal of Mathematical Economics,0304-4068,True
REVIEW OF MANAGERIAL SCIENCE,https://openalex.org/S203071086,Review of Managerial Science,1863-6683,True
BULLETIN OF INDONESIAN ECONOMIC STUDIES,https://openalex.org/S203364070,Bulletin of Indonesian Economic Studies,0007-4918,True
RAE-REVISTA DE ADMINISTRACAO DE EMPRESAS,https://openalex.org/S203848637,Revista de Administração de Empresas,0034-7590,True
QUARTERLY JOURNAL OF ECONOMICS,https://openalex.org/S203860005,The Quarterly Journal of Economics,0033-5533,True
SERIES-JOURNAL OF THE SPANISH ECONOMIC ASSOCIATION,https://openalex.org/S204467137,SERIEs,1869-4187,True
BUSINESS STRATEGY AND THE ENVIRONMENT,https://openalex.org/S205793605,Business Strategy and the Environment,0964-4733,True
JOURNAL OF MONEY CREDIT AND BANKING,https://openalex.org/S2058785,Journal of money credit and banking,0022-2879,True
ELECTRONIC COMMERCE RESEARCH,https://openalex.org/S205929853,Electronic Commerce Research,1389-5753,True
ECONOMIC SYSTEMS,https://openalex.org/S206007305,Economic Systems,0939-3625,True
ORGANIZATION SCIENCE,https://openalex.org/S206124708,Organization Science,1047-7039,True
ECONOMIC INQUIRY,https://openalex.org/S206615888,Economic Inquiry,0095-2583,True
ASIA PACIFIC JOURNAL OF HUMAN RESOURCES,https://openalex.org/S206927904,Asia Pacific Journal of Human Resources,1038-4111,True
JOURNAL OF FINANCIAL ECONOMETRICS,https://openalex.org/S207154782,Journal of Financial Econometrics,1479-8409,True
IMF ECONOMIC REVIEW,https://openalex.org/S21260181,IMF Economic Review,2041-4161,True
INTERNATIONAL FINANCE,https://openalex.org/S2165841,International Finance,1367-0271,True
ENTREPRENEURSHIP AND REGIONAL DEVELOPMENT,https://openalex.org/S22247924,Entrepreneurship and Regional Development,0898-5626,True
FINANZARCHIV,https://openalex.org/S22315241,FinanzArchiv Public Finance Analysis,0015-2218,True
ASIAN ECONOMIC POLICY REVIEW,https://openalex.org/S23010633,Asian Economic Policy Review,1832-8105,True
JOURNAL OF INTERNATIONAL TRADE & ECONOMIC DEVELOPMENT,https://openalex.org/S23218617,Journal of International Trade & Economic Development,0963-8199,True
AMERICAN ECONOMIC REVIEW,https://openalex.org/S23254222,American Economic Review,0002-8282,True
INTERNATIONAL BUSINESS REVIEW,https://openalex.org/S23343376,International Business Review,0969-5931,True
CUSTOS E AGRONEGOCIO ON LINE,https://openalex.org/S2484743993,Custos e @gronegócio online,1808-2882,True
ECONOMIC COMPUTATION AND ECONOMIC CYBERNETICS STUDIES AND RESEARCH,https://openalex.org/S2494413385,ECONOMIC COMPUTATION AND ECONOMIC CYBERNETICS STUDIES AND RESEARCH,0424-267X,True
BUSINESS PROCESS MANAGEMENT JOURNAL,https://openalex.org/S2508752,Business Process Management Journal,1463-7154,True
JOURNAL OF RETAILING AND CONSUMER SERVICES,https://openalex.org/S25235501,Journal of Retailing and Consumer Services,0969-6989,True
OXFORD ECONOMIC PAPERS-NEW SERIES,https://openalex.org/S26073974,Oxford Economic Papers,0030-7653,True
ECONOMIA POLITICA,https://openalex.org/S26598852,Economia Politica,1120-2890,True
CLIMATE CHANGE ECONOMICS,https://openalex.org/S26772273,Climate Change Economics,2010-0078,True
INTERNATIONAL TRANSACTIONS IN OPERATIONAL RESEARCH,https://openalex.org/S267729,International Transactions in Operational Research,0969-6016,True
JOURNAL OF THE ASSOCIATION OF ENVIRONMENTAL AND RESOURCE ECONOMISTS,https://openalex.org/S2735550652,Journal of the Association of Environmental and Resource Economists,2333-5955,True
WORLD BANK ECONOMIC REVIEW,https://openalex.org/S2735890421,The World Bank Economic Review,0258-6770,True
LATIN AMERICAN ECONOMIC REVIEW,https://openalex.org/S2737251658,Latin American Economic Review,2196-436X,True
RBGN-REVISTA BRASILEIRA DE GESTAO DE NEGOCIOS,https://openalex.org/S2738281210,Review of Business Management,1806-4892,True
HEALTH ECONOMICS REVIEW,https://openalex.org/S2738551320,Health Economics Review,2191-1991,True
OECONOMIA COPERNICANA,https://openalex.org/S2738677470,Oeconomia Copernicana,2083-1277,True
ACADEMY OF MANAGEMENT ANNALS,https://openalex.org/S27614628,Academy of Management Annals,1941-6520,True
JOURNAL OF BRAND MANAGEMENT,https://openalex.org/S27632631,Journal of Brand Management,1350-231X,True
JOURNAL OF BEHAVIORAL AND EXPERIMENTAL FINANCE,https://openalex.org/S2764372386,Journal of Behavioral and Experimental Finance,2214-6350,True
ENTREPRENEURSHIP RESEARCH JOURNAL,https://openalex.org/S2764465404,Entrepreneurship Research Journal,2194-6175,True
KOREAN ECONOMIC REVIEW,https://openalex.org/S2764532243,Korean Economic Review/The Korean economic review,0254-3737,True
JOURNAL OF SOCIAL MARKETING,https://openalex.org/S2764583656,Journal of Social Marketing,2042-6763,True
INZINERINE EKONOMIKA-ENGINEERING ECONOMICS,https://openalex.org/S2764594251,Engineering Economics,1392-2785,True
REVIEW OF KEYNESIAN ECONOMICS,https://openalex.org/S2764655866,Review of Keynesian Economics,2049-5323,True
JOURNAL OF CHOICE MODELLING,https://openalex.org/S2764690196,Journal of Choice Modelling,1755-5345,True
WATER ECONOMICS AND POLICY,https://openalex.org/S2764718648,Water Economics and Policy,2382-624X,True
INVESTMENT ANALYSTS JOURNAL,https://openalex.org/S2764792399,Investment Analysts Journal,1029-3523,True
EURASIAN BUSINESS REVIEW,https://openalex.org/S2764805720,Eurasian Economic Review,1309-4297,True
SERVICE SCIENCE,https://openalex.org/S2764807039,Service Science,2164-3962,True
BORSA ISTANBUL REVIEW,https://openalex.org/S2764882396,Borsa Istanbul Review,2214-8450,True
MULTINATIONAL BUSINESS REVIEW,https://openalex.org/S2764892107,Multinational Business Review,1525-383X,True
JOURNAL OF THE ECONOMICS OF AGEING,https://openalex.org/S2764905104,The Journal of the Economics of Ageing,2212-828X,True
GLOBAL STRATEGY JOURNAL,https://openalex.org/S2765008422,Global Strategy Journal,2042-5791,True
JOURNAL OF RISK MODEL VALIDATION,https://openalex.org/S2765036361,The Journal of Risk Model Validation,1753-9579,True
SPORT MARKETING QUARTERLY,https://openalex.org/S2765057658,Sport Marketing Quarterly,1061-6934,True
JOURNAL OF FOREST ECONOMICS,https://openalex.org/S27827792,Journal of Forest Economics,1104-6899,True
JOURNAL OF THEORETICAL AND APPLIED ELECTRONIC COMMERCE RESEARCH,https://openalex.org/S27967161,Journal of theoretical and applied electronic commerce research,0718-1876,True
REVIEW OF INTERNATIONAL POLITICAL ECONOMY,https://openalex.org/S2875300,Review of International Political Economy,0969-2290,True
JOURNAL OF BANKING & FINANCE,https://openalex.org/S2876017,Journal of Banking & Finance,0378-4266,True
ORGANIZATION STUDIES,https://openalex.org/S28882882,Organization Studies,0170-8406,True
ECONOMICS OF TRANSPORTATION,https://openalex.org/S2898237991,Economics of Transportation,2212-0122,True
EUROPEAN RESEARCH ON MANAGEMENT AND BUSINESS ECONOMICS,https://openalex.org/S2898275063,European Research on Management and Business Economics,2444-8834,True
JOURNAL OF INNOVATION & KNOWLEDGE,https://openalex.org/S2898307581,Journal of Innovation & Knowledge,2530-7614,True
BRQ-BUSINESS RESEARCH QUARTERLY,https://openalex.org/S2898409089,BRQ Business Research Quarterly,2340-9444,True
JOURNAL OF COMMODITY MARKETS,https://openalex.org/S2898531903,Journal of commodity markets,2405-8513,True
REVISTA DE CONTABILIDAD-SPANISH ACCOUNTING REVIEW,https://openalex.org/S2898542531,Revista de Contabilidad,1138-4891,True
ECONOMIC ANALYSIS AND POLICY,https://openalex.org/S2898574612,Economic Analysis and Policy,0313-5926,True
PACIFIC-BASIN FINANCE JOURNAL,https://openalex.org/S29049940,Pacific-Basin Finance Journal,0927-538X,True
SPANISH JOURNAL OF FINANCE AND ACCOUNTING-REVISTA ESPANOLA DE FINANCIACION Y CONTABILIDAD,https://openalex.org/S2913545599,Spanish Journal of Finance and Accounting / Revista Española de Financiación y Contabilidad,0210-2412,True
MARKETING INTELLIGENCE & PLANNING,https://openalex.org/S29817978,Marketing Intelligence & Planning,0263-4503,True
CESIFO ECONOMIC STUDIES,https://openalex.org/S30207186,CESifo Economic Studies,1610-241X,True
GERMAN JOURNAL OF HUMAN RESOURCE MANAGEMENT-ZEITSCHRIFT FUR PERSONALFORSCHUNG,https://openalex.org/S3022066471,German Journal of Human Resource Management Zeitschrift für Personalforschung,2397-0022,True
FINANCIAL INNOVATION,https://openalex.org/S3034727917,Financial Innovation,2199-4730,True
JOURNAL OF CULTURAL ECONOMICS,https://openalex.org/S31225034,Journal of Cultural Economics,0885-2545,True
STRATEGIC ENTREPRENEURSHIP JOURNAL,https://openalex.org/S31690342,Strategic Entrepreneurship Journal,1932-4391,True
INDUSTRIAL MARKETING MANAGEMENT,https://openalex.org/S31748134,Industrial Marketing Management,0019-8501,True
ACCOUNTING AND BUSINESS RESEARCH,https://openalex.org/S323237,Accounting and Business Research,0001-4788,True
EUROPEAN REVIEW OF AGRICULTURAL ECONOMICS,https://openalex.org/S32361082,European Review of Agricultural Economics,0165-1587,True
DECISION ANALYSIS,https://openalex.org/S33235364,Decision Analysis,1545-8490,True
MANAGEMENT SCIENCE,https://openalex.org/S33323087,Management Science,0025-1909,True
ECONOMETRICS JOURNAL,https://openalex.org/S33519306,Econometrics Journal,1368-4221,True
ACADEMY OF MANAGEMENT PERSPECTIVES,https://openalex.org/S33741590,Academy of Management Perspectives,1558-9080,True
SERVICE BUSINESS,https://openalex.org/S3409213,Service Business,1862-8516,True
RAND JOURNAL OF ECONOMICS,https://openalex.org/S34139249,The RAND Journal of Economics,0741-6261,True
REVIEW OF INDUSTRIAL ORGANIZATION,https://openalex.org/S3416249,Review of Industrial Organization,0889-938X,True
JOURNAL OF PRODUCTIVITY ANALYSIS,https://openalex.org/S34280410,Journal of Productivity Analysis,0895-562X,True
EMPLOYEE RELATIONS,https://openalex.org/S34542846,Employee Relations,0142-5455,True
VENTURE CAPITAL,https://openalex.org/S34941771,Venture Capital,1369-1066,True
INTERNATIONAL REVIEW OF FINANCE,https://openalex.org/S35246616,International Review of Finance,1369-412X,True
JOURNAL OF MACROMARKETING,https://openalex.org/S35298862,Journal of Macromarketing,0276-1467,True
INFORMATION AND ORGANIZATION,https://openalex.org/S35363033,Information and Organization,1471-7727,True
INTERNATIONAL MARKETING REVIEW,https://openalex.org/S35673206,International Marketing Review,0265-1335,True
AUSTRALIAN JOURNAL OF AGRICULTURAL AND RESOURCE ECONOMICS,https://openalex.org/S3593595,Australian Journal of Agricultural and Resource Economics,1364-985X,True
ECONOMICS LETTERS,https://openalex.org/S36178057,Economics Letters,0165-1765,True
INDUSTRY AND INNOVATION,https://openalex.org/S36209479,Industry and Innovation,1366-2716,True
INTERNATIONAL ENTREPRENEURSHIP AND MANAGEMENT JOURNAL,https://openalex.org/S36547454,International Entrepreneurship and Management Journal,1554-7191,True
JOURNAL OF AFRICAN ECONOMIES,https://openalex.org/S36588791,Journal of African Economies,0963-8024,True
EUROPEAN JOURNAL OF LAW AND ECONOMICS,https://openalex.org/S37173775,European Journal of Law and Economics,0929-1261,True
JOURNAL OF PUBLIC POLICY & MARKETING,https://openalex.org/S37376905,Journal of Public Policy & Marketing,0743-9156,True
PUBLIC MANAGEMENT REVIEW,https://openalex.org/S37623806,Public Management Review,1471-9037,True
HUMAN RESOURCE DEVELOPMENT REVIEW,https://openalex.org/S37660120,Human Resource Development Review,1534-4843,True
ECONOMIST-NETHERLANDS,https://openalex.org/S37814254,De Economist,0013-063X,True
JOURNAL OF INTERNATIONAL BUSINESS STUDIES,https://openalex.org/S38024979,Journal of International Business Studies,0047-2506,True
JOURNAL OF BUSINESS LOGISTICS,https://openalex.org/S38350834,Journal of Business Logistics,0735-3766,True
INTERNATIONAL JOURNAL OF ACCOUNTING INFORMATION SYSTEMS,https://openalex.org/S38901890,International Journal of Accounting Information Systems,1467-0895,True
RESEARCH IN TRANSPORTATION ECONOMICS,https://openalex.org/S39263009,Research in Transportation Economics,0739-8859,True
INTERNATIONAL JOURNAL OF FORECASTING,https://openalex.org/S39841227,International Journal of Forecasting,0169-2070,True
JOURNAL OF APPLIED ECONOMICS,https://openalex.org/S40285785,Journal of Applied Economics,1514-0326,True
JOURNAL OF MARKETING FOR HIGHER EDUCATION,https://openalex.org/S40814766,Journal of Marketing for HIGHER EDUCATION,0884-1241,True
INTERNATIONAL JOURNAL OF PHYSICAL DISTRIBUTION & LOGISTICS MANAGEMENT,https://openalex.org/S41302103,International Journal of Physical Distribution & Logistics Management,0960-0035,True
HARVARD BUSINESS REVIEW,https://openalex.org/S41416626,Harvard business review,0017-8012,True
SMALL BUSINESS ECONOMICS,https://openalex.org/S41869786,Small Business Economics,0921-898X,True
JAPANESE ECONOMIC REVIEW,https://openalex.org/S41930762,Japanese Economic Review,1352-4739,True
JOURNAL OF CONSUMER BEHAVIOUR,https://openalex.org/S41958068,Journal of Consumer Behaviour,1472-0817,True
JOURNAL OF LAW ECONOMICS & ORGANIZATION,https://openalex.org/S4210168091,The Journal of Law Economics and Organization,8756-6222,True
ANNUAL REVIEW OF FINANCIAL ECONOMICS,https://openalex.org/S4210170931,Annual Review of Financial Economics,1941-1367,True
JOURNAL OF RISK,https://openalex.org/S4210171086,The Journal of Risk,1465-1211,True
ACCOUNTING AND FINANCE,https://openalex.org/S4210171597,Accounting and Finance,0810-5391,True
COMPTABILITE CONTROLE AUDIT,https://openalex.org/S4210172125,Comptabilité - Contrôle - Audit,1262-2788,True
JOURNAL OF INSTITUTIONAL AND THEORETICAL ECONOMICS-ZEITSCHRIFT FUR DIE GESAMTE STAATSWISSENSCHAFT,https://openalex.org/S4210172902,Journal of Institutional and Theoretical Economics JITE,0932-4569,True
AMERICAN JOURNAL OF HEALTH ECONOMICS,https://openalex.org/S4210173595,American Journal of Health Economics,2332-3493,True
INTERNATIONAL JOURNAL OF HEALTH ECONOMICS AND MANAGEMENT,https://openalex.org/S4210173643,International Journal of Health Economics and Management,2199-9023,True
BROOKINGS PAPERS ON ECONOMIC ACTIVITY,https://openalex.org/S4210173904,Brookings Papers on Economic Activity,0007-2303,True
AMERICAN ECONOMIC REVIEW-INSIGHTS,https://openalex.org/S4210174288,American Economic Review Insights,2640-205X,True
ACADEMIA-REVISTA LATINOAMERICANA DE ADMINISTRACION,https://openalex.org/S4210179427,Academia Revista Latinoamericana de Administración,1012-8255,True
TOTAL QUALITY MANAGEMENT & BUSINESS EXCELLENCE,https://openalex.org/S4210181832,Total Quality Management & Business Excellence,1478-3363,True
JOURNAL OF COMPETITIVENESS,https://openalex.org/S4210186250,Journal of Competitiveness,1804-171X,True
JOURNAL OF COMPETITION LAW & ECONOMICS,https://openalex.org/S4210186350,Journal of Competition Law & Economics,1744-6414,True
LEADERSHIP & ORGANIZATION DEVELOPMENT JOURNAL,https://openalex.org/S4210189271,Leadership & Organization Development Journal,0143-7739,True
OMEGA-INTERNATIONAL JOURNAL OF MANAGEMENT SCIENCE,https://openalex.org/S4210190151,Omega,0305-0483,True
ASIA-PACIFIC JOURNAL OF FINANCIAL STUDIES,https://openalex.org/S4210190745,Asia-Pacific Journal of Financial Studies,2041-9945,True
APPLIED ECONOMIC ANALYSIS,https://openalex.org/S4210191200,Applied Economic Analysis,2632-7627,True
WORK AGING AND RETIREMENT,https://openalex.org/S4210193058,Work Aging and Retirement,2054-4650,True
ECONOMIC CHANGE AND RESTRUCTURING,https://openalex.org/S4210193400,Economic Change and Restructuring,1573-9414,True
ESTUDIOS DE ECONOMIA,https://openalex.org/S4210197148,Estudios de economía,0718-5286,True
ECONOMICS OF TRANSITION AND INSTITUTIONAL CHANGE,https://openalex.org/S4210198644,Economics of Transition and Institutional Change,2577-6975,True
APPLIED ECONOMIC PERSPECTIVES AND POLICY,https://openalex.org/S4210201861,Applied Economic Perspectives and Policy,2040-5790,True
INFORMS JOURNAL ON APPLIED ANALYTICS,https://openalex.org/S4210202212,INFORMS Journal on Applied Analytics,2644-0865,True
ACADEMY OF MANAGEMENT DISCOVERIES,https://openalex.org/S4210202650,Academy of Management Discoveries,2168-1007,True
ASIA-PACIFIC JOURNAL OF ACCOUNTING & ECONOMICS,https://openalex.org/S4210203108,Asia-Pacific Journal of Accounting & Economics,1608-1625,True
MILITARY OPERATIONS RESEARCH,https://openalex.org/S4210205092,Military Operations Research,1082-5983,True
QME-QUANTITATIVE MARKETING AND ECONOMICS,https://openalex.org/S4210206015,Quantitative Marketing and Economics,1570-7156,True
ASIAN ECONOMIC PAPERS,https://openalex.org/S4210209722,Asian Economic Papers,1535-3516,True
JOURNAL OF MANAGEMENT ANALYTICS,https://openalex.org/S4210210207,Journal of Management Analytics,2327-0012,True
CROSS CULTURAL & STRATEGIC MANAGEMENT,https://openalex.org/S4210210387,Cross Cultural & Strategic Management,2059-5794,True
E & M EKONOMIE A MANAGEMENT,https://openalex.org/S4210214577,E+M Ekonomie a Management,1212-3609,True
PRAGUE ECONOMIC PAPERS,https://openalex.org/S4210214909,Prague Economic Papers,1210-0455,True
SOUTH AFRICAN JOURNAL OF BUSINESS MANAGEMENT,https://openalex.org/S4210215964,South African Journal of Business Management,2078-5585,True
BUSINESS ETHICS THE ENVIRONMENT & RESPONSIBILITY,https://openalex.org/S4210218449,Business Ethics the Environment & Responsibility,2694-6416,True
JOURNAL OF DEMOGRAPHIC ECONOMICS,https://openalex.org/S4210218653,Journal of Demographic Economics,2054-0892,True
INTERNATIONAL JOURNAL OF LOGISTICS-RESEARCH AND APPLICATIONS,https://openalex.org/S4210220312,International Journal of Logistics Research and Applications,1367-5567,True
ECONOMICS-THE OPEN ACCESS OPEN-ASSESSMENT E-JOURNAL,https://openalex.org/S4210220385,Economics,1864-6042,True
JOURNAL OF FAMILY AND ECONOMIC ISSUES,https://openalex.org/S4210224032,Journal of Family and Economic Issues,1058-0476,True
ACCOUNTING AUDITING & ACCOUNTABILITY JOURNAL,https://openalex.org/S4210224324,Accounting Auditing & Accountability Journal,0951-3574,True
JOURNAL OF SERVICE THEORY AND PRACTICE,https://openalex.org/S4210224898,Journal of Service Theory and Practice,2055-6225,True
JOURNAL OF BEHAVIORAL AND EXPERIMENTAL ECONOMICS,https://openalex.org/S4210233753,Journal of Behavioral and Experimental Economics,2214-8043,True
BETRIEBSWIRTSCHAFTLICHE FORSCHUNG UND PRAXIS,https://openalex.org/S4210235487,Betriebswirtschaftliche Forschung und Praxis,0340-5370,True
INTERNATIONAL TAX AND PUBLIC FINANCE,https://openalex.org/S42192170,International Tax and Public Finance,0927-5940,True
AMERICAN ECONOMIC JOURNAL-APPLIED ECONOMICS,https://openalex.org/S42893225,American Economic Journal Applied Economics,1945-7782,True
PHARMACOECONOMICS,https://openalex.org/S43019230,PharmacoEconomics,1170-7690,True
FEDERAL RESERVE BANK OF ST LOUIS REVIEW,https://openalex.org/S43156200,Review,0014-9187,True
INTERNATIONAL JOURNAL OF ARTS MANAGEMENT,https://openalex.org/S4363607656,International Journal of Arts Management,1480-8986,True
R & D MANAGEMENT,https://openalex.org/S43637407,R and D Management,0033-6807,True
ANNALS OF PUBLIC AND COOPERATIVE ECONOMICS,https://openalex.org/S4394735553,Annals of Public and Cooperative Economics,1370-4788,True
HITOTSUBASHI JOURNAL OF ECONOMICS,https://openalex.org/S44261207,Hitotsubashi journal of economics,0018-280X,True
BUSINESS & SOCIETY,https://openalex.org/S44376543,Business & Society,0007-6503,True
JOURNAL OF ECONOMIC DYNAMICS & CONTROL,https://openalex.org/S44585919,Journal of Economic Dynamics and Control,0165-1889,True
JOURNAL OF RESEARCH IN INTERACTIVE MARKETING,https://openalex.org/S45224653,Journal of Research in Interactive Marketing,2040-7122,True
WORLD ECONOMY,https://openalex.org/S45372229,World Economy,0378-5920,True
ACADEMY OF MANAGEMENT LEARNING & EDUCATION,https://openalex.org/S45682993,Academy of Management Learning and Education,1537-260X,True
ECONOMIC JOURNAL,https://openalex.org/S45992627,The Economic Journal,0013-0133,True
ACADEMY OF MANAGEMENT REVIEW,https://openalex.org/S46763546,Academy of Management Review,0363-7425,True
ECONOMIC AND SOCIAL REVIEW,https://openalex.org/S47389216,Economic and social review,0012-9984,True
GLOBAL ECONOMIC REVIEW,https://openalex.org/S47824075,Global Economic Review,1226-508X,True
JOURNAL OF BUSINESS FINANCE & ACCOUNTING,https://openalex.org/S48254654,Journal of Business Finance &amp Accounting,0306-686X,True
MIS QUARTERLY EXECUTIVE,https://openalex.org/S48312676,MIS Quarterly Executive,1540-1960,True
CHINA & WORLD ECONOMY,https://openalex.org/S48661868,China & World Economy,1671-2234,True
JOURNAL OF SPORTS ECONOMICS,https://openalex.org/S49327401,Journal of Sports Economics,1527-0025,True
SERVICE INDUSTRIES JOURNAL,https://openalex.org/S49331332,Service Industries Journal,0264-2069,True
ECONOMETRIC THEORY,https://openalex.org/S49389958,Econometric Theory,0266-4666,True
INTERNATIONAL LABOUR REVIEW,https://openalex.org/S50174339,International Labour Review,0020-7780,True
REVISTA DE HISTORIA ECONOMICA,https://openalex.org/S50758683,Revista de Historia Econ�mica / Journal of Iberian and Latin American Economic History,0212-6109,True
ENGINEERING ECONOMIST,https://openalex.org/S51113653,The Engineering Economist,0013-791X,True
INTERNATIONAL JOURNAL OF SHIPPING AND TRANSPORT LOGISTICS,https://openalex.org/S52328560,International Journal of Shipping and Transport Logistics,1756-6517,True
JOURNAL OF ECONOMIC METHODOLOGY,https://openalex.org/S52333995,Journal of Economic Methodology,1350-178X,True
JOURNAL OF REAL ESTATE RESEARCH,https://openalex.org/S52721111,Journal of Real Estate Research,0896-5803,True
JOURNAL OF FINANCE,https://openalex.org/S5353659,The Journal of Finance,0022-1082,True
AMERICAN LAW AND ECONOMICS REVIEW,https://openalex.org/S53993439,American Law and Economics Review,1465-7252,True
B E JOURNAL OF ECONOMIC ANALYSIS & POLICY,https://openalex.org/S55074384,The B E Journal of Economic Analysis & Policy,2194-6108,True
RESEARCH IN ORGANIZATIONAL BEHAVIOR,https://openalex.org/S55099511,Research in Organizational Behavior,0191-3085,True
JOURNAL OF PURCHASING AND SUPPLY MANAGEMENT,https://openalex.org/S55239356,Journal of Purchasing and Supply Management,1478-4092,True
INFORMATION SYSTEMS AND E-BUSINESS MANAGEMENT,https://openalex.org/S56271844,Information Systems and e-Business Management,1617-9846,True
NEGOTIATION JOURNAL,https://openalex.org/S57049600,Negotiation Journal,0748-4526,True
AUSTRALIAN ECONOMIC PAPERS,https://openalex.org/S57522439,Australian Economic Papers,0004-900X,True
JOURNAL OF HOUSING ECONOMICS,https://openalex.org/S57862637,Journal of Housing Economics,1051-1377,True
ECONOMIC THEORY,https://openalex.org/S579031,Economic Theory,0938-2259,True
JOURNAL OF PRODUCT AND BRAND MANAGEMENT,https://openalex.org/S58171247,Journal of Product & Brand Management,1061-0421,True
SUPPLY CHAIN MANAGEMENT-AN INTERNATIONAL JOURNAL,https://openalex.org/S59007373,Supply Chain Management An International Journal,1359-8546,True
ASIAN-PACIFIC ECONOMIC LITERATURE,https://openalex.org/S59042063,Asian-Pacific Economic Literature,0818-9935,True
JOURNAL OF FINANCIAL INTERMEDIATION,https://openalex.org/S5984737,Journal of Financial Intermediation,1042-9573,True
JOURNAL OF CREDIT RISK,https://openalex.org/S60036207,The Journal of Credit Risk,1744-6619,True
JOURNAL OF THE KNOWLEDGE ECONOMY,https://openalex.org/S60370010,Journal of the Knowledge Economy,1868-7865,True
HUMAN RELATIONS,https://openalex.org/S61446109,Human Relations,0018-7267,True
JOURNAL OF ADVERTISING RESEARCH,https://openalex.org/S61992289,Journal of Advertising Research,0021-8499,True
SINGAPORE ECONOMIC REVIEW,https://openalex.org/S62126747,The Singapore Economic Review,0217-5908,True
JOURNAL OF ACCOUNTING & ECONOMICS,https://openalex.org/S62142384,Journal of Accounting and Economics,0165-4101,True
JOURNAL OF ECONOMIC BEHAVIOR & ORGANIZATION,https://openalex.org/S62201805,Journal of Economic Behavior & Organization,0167-2681,True
OPERATIONS MANAGEMENT RESEARCH,https://openalex.org/S62905163,Operations Management Research,1936-9735,True
JOURNAL OF HUMAN RESOURCES,https://openalex.org/S62957338,The Journal of Human Resources,0022-166X,True
FOOD POLICY,https://openalex.org/S63571384,Food Policy,0306-9192,True
ORGANIZATIONAL BEHAVIOR AND HUMAN DECISION PROCESSES,https://openalex.org/S64744539,Organizational Behavior and Human Decision Processes,0749-5978,True
JOURNAL OF LEADERSHIP & ORGANIZATIONAL STUDIES,https://openalex.org/S64831726,Journal of Leadership & Organizational Studies,1548-0518,True
INTERNATIONAL JOURNAL OF RETAIL & DISTRIBUTION MANAGEMENT,https://openalex.org/S65353606,International Journal of Retail & Distribution Management,0959-0552,True
CONTEMPORARY ACCOUNTING RESEARCH,https://openalex.org/S65924262,Contemporary Accounting Research,0823-9150,True
JOURNAL OF BUSINESS VENTURING,https://openalex.org/S66201313,Journal of Business Venturing,0883-9026,True
CRITICAL PERSPECTIVES ON ACCOUNTING,https://openalex.org/S66510378,Critical Perspectives on Accounting,1045-2354,True
JOURNAL OF BUSINESS ECONOMICS AND MANAGEMENT,https://openalex.org/S66524056,Journal of Business Economics and Management,1611-1699,True
CAMBRIDGE JOURNAL OF ECONOMICS,https://openalex.org/S67103694,Cambridge Journal of Economics,0309-166X,True
JOURNAL OF MONETARY ECONOMICS,https://openalex.org/S6711363,Journal of Monetary Economics,0304-3932,True
STRUCTURAL CHANGE AND ECONOMIC DYNAMICS,https://openalex.org/S67638930,Structural Change and Economic Dynamics,0954-349X,True
REVIEW OF NETWORK ECONOMICS,https://openalex.org/S6772833,Review of Network Economics,2194-5993,True
EUROPEAN ECONOMIC REVIEW,https://openalex.org/S69338747,European Economic Review,0014-2921,True
JOURNAL OF ASIAN ECONOMICS,https://openalex.org/S69458508,Journal of Asian Economics,1049-0078,True
SYSTEMIC PRACTICE AND ACTION RESEARCH,https://openalex.org/S69790668,Systemic Practice and Action Research,1094-429X,True
INTERNATIONAL JOURNAL OF PROJECT MANAGEMENT,https://openalex.org/S69872077,International Journal of Project Management,0263-7863,True
MANAGEMENT AND ORGANIZATION REVIEW,https://openalex.org/S70175541,Management and Organization Review,1740-8776,True
NONPROFIT MANAGEMENT & LEADERSHIP,https://openalex.org/S70709366,Nonprofit Management and Leadership,1048-6682,True
JAPAN AND THE WORLD ECONOMY,https://openalex.org/S70935693,Japan and the World Economy,0922-1425,True
BALTIC JOURNAL OF ECONOMICS,https://openalex.org/S71377650,Baltic Journal of Economics,1406-099X,True
SPATIAL ECONOMIC ANALYSIS,https://openalex.org/S7161550,Spatial Economic Analysis,1742-1772,True
REVIEW OF INTERNATIONAL ECONOMICS,https://openalex.org/S71783669,Review of International Economics,0965-7576,True
REVIEW OF ECONOMIC DESIGN,https://openalex.org/S72258428,Review of Economic Design,1434-4742,True
JOURNAL OF ECONOMIC PERSPECTIVES,https://openalex.org/S72880728,The Journal of Economic Perspectives,0895-3309,True
ORGANIZATION,https://openalex.org/S72915307,Organization,1350-5084,True
JOURNAL OF PENSION ECONOMICS & FINANCE,https://openalex.org/S73680622,Journal of Pensions Economics and Finance,1474-7472,True
TRANSFORMATIONS IN BUSINESS & ECONOMICS,https://openalex.org/S7397502,Transformations in business & economics,1648-4460,True
JOURNAL OF ECONOMIC POLICY REFORM,https://openalex.org/S74096415,Journal of Economic Policy Reform,1748-7870,True
JOURNAL OF FINANCIAL RESEARCH,https://openalex.org/S74917840,The Journal of Financial Research,0270-2592,True
SIAM JOURNAL ON FINANCIAL MATHEMATICS,https://openalex.org/S75627377,SIAM Journal on Financial Mathematics,1945-497X,True
AUDITING-A JOURNAL OF PRACTICE & THEORY,https://openalex.org/S75845752,Auditing A Journal of Practice & Theory,0278-0380,True
QUALITATIVE RESEARCH IN ACCOUNTING AND MANAGEMENT,https://openalex.org/S76239586,Qualitative Research in Accounting & Management,1176-6093,True
CANADIAN JOURNAL OF ECONOMICS-REVUE CANADIENNE D ECONOMIQUE,https://openalex.org/S76440981,Canadian Journal of Economics/Revue canadienne d économique,0008-4085,True
JOURNAL OF BUSINESS ETHICS,https://openalex.org/S76633192,Journal of Business Ethics,0167-4544,True
ANNUAL REVIEW OF RESOURCE ECONOMICS,https://openalex.org/S76844451,Annual Review of Resource Economics,1941-1340,True
CORPORATE GOVERNANCE-AN INTERNATIONAL REVIEW,https://openalex.org/S77308338,Corporate Governance An International Review,0964-8410,True
REVIEW OF WORLD ECONOMICS,https://openalex.org/S78091837,Review of World Economics,1610-2878,True
JOURNAL OF SMALL BUSINESS MANAGEMENT,https://openalex.org/S78792899,Journal of Small Business Management,0047-2778,True
BUSINESS ETHICS-A EUROPEAN REVIEW,https://openalex.org/S79007945,Business Ethics A European Review,0962-8770,True
JOURNAL OF FINANCIAL SERVICES RESEARCH,https://openalex.org/S79175213,Journal of Financial Services Research,0920-8550,True
JOURNAL OF POLICY MODELING,https://openalex.org/S81022070,Journal of Policy Modeling,0161-8938,True
INTERNATIONAL JOURNAL OF MANAGING PROJECTS IN BUSINESS,https://openalex.org/S81125728,International Journal of Managing Projects in Business,1753-8378,True
JOURNAL OF MANAGEMENT & ORGANIZATION,https://openalex.org/S8124760,Journal of Management & Organization,1833-3672,True
RESEARCH IN INTERNATIONAL BUSINESS AND FINANCE,https://openalex.org/S8133038,Research in International Business and Finance,0275-5319,True
M&SOM-MANUFACTURING & SERVICE OPERATIONS MANAGEMENT,https://openalex.org/S81410195,Manufacturing & Service Operations Management,1523-4614,True
JOURNAL OF INFORMATION SYSTEMS,https://openalex.org/S82262387,Journal of Information Systems,0888-7985,True
EUROPEAN JOURNAL OF FINANCE,https://openalex.org/S82316188,European Journal of Finance,1351-847X,True
ROMANIAN JOURNAL OF ECONOMIC FORECASTING,https://openalex.org/S82530445,Romanian Journal of Economic Forecasting,1582-6163,True
ASIAN BUSINESS & MANAGEMENT,https://openalex.org/S82593474,Asian Business & Management,1472-4782,True
JOURNAL OF INTERNATIONAL FINANCIAL MARKETS INSTITUTIONS & MONEY,https://openalex.org/S82743730,Journal of International Financial Markets Institutions and Money,1042-4431,True
HISTORY OF POLITICAL ECONOMY,https://openalex.org/S83145862,History of Political Economy,0018-2702,True
JOURNAL OF INTERNATIONAL FINANCIAL MANAGEMENT & ACCOUNTING,https://openalex.org/S83262020,Journal of International Financial Management and Accounting,0954-1314,True
JOURNAL OF VACATION MARKETING,https://openalex.org/S83271458,Journal Of Vacation Marketing,1356-7667,True
SYSTEM DYNAMICS REVIEW,https://openalex.org/S84101701,System Dynamics Review,0883-7066,True
JOURNAL OF LABOR ECONOMICS,https://openalex.org/S8557221,Journal of Labor Economics,0734-306X,True
JOURNAL OF APPLIED ECONOMETRICS,https://openalex.org/S85739584,Journal of Applied Econometrics,0883-7252,True
ENVIRONMENTAL & RESOURCE ECONOMICS,https://openalex.org/S86125002,Environmental and Resource Economics,0924-6460,True
JOURNAL OF ACCOUNTING AND PUBLIC POLICY,https://openalex.org/S86762183,Journal of Accounting and Public Policy,0278-4254,True
JOURNAL OF BENEFIT-COST ANALYSIS,https://openalex.org/S87209429,Journal of Benefit-Cost Analysis,2194-5888,True
INTERNATIONAL JOURNAL OF MANAGEMENT REVIEWS,https://openalex.org/S87745625,International Journal of Management Reviews,1460-8545,True
BUSINESS HISTORY REVIEW,https://openalex.org/S88020226,The Business History Review,0007-6805,True
FINANCE RESEARCH LETTERS,https://openalex.org/S88577320,Finance research letters,1544-6123,True
REVIEW OF ECONOMIC STUDIES,https://openalex.org/S88935262,The Review of Economic Studies,0034-6527,True
EUROPEAN JOURNAL OF MARKETING,https://openalex.org/S89389284,European Journal of Marketing,0309-0566,True
EUROPEAN JOURNAL OF INNOVATION MANAGEMENT,https://openalex.org/S90149737,European Journal of Innovation Management,1460-1060,True
SOUTH AFRICAN JOURNAL OF ECONOMICS,https://openalex.org/S90392387,South African Journal of Economics,0038-2280,True
JOURNAL OF TRANSPORT ECONOMICS AND POLICY,https://openalex.org/S90477801,Journal of transport economics and policy,0022-5258,True
JOURNAL OF ECONOMIC INEQUALITY,https://openalex.org/S90873577,The Journal of Economic Inequality,1569-1721,True
JOURNAL OF EAST EUROPEAN MANAGEMENT STUDIES,https://openalex.org/S91071628,Journal of East European Management Studies,0949-6181,True
KYKLOS,https://openalex.org/S91661715,Kyklos,0023-5962,True
AMERICAN JOURNAL OF AGRICULTURAL ECONOMICS,https://openalex.org/S91754907,American Journal of Agricultural Economics,0002-9092,True
ASTIN BULLETIN-THE JOURNAL OF THE INTERNATIONAL ACTUARIAL ASSOCIATION,https://openalex.org/S92223472,Astin Bulletin,0515-0361,True
JOURNAL OF MULTINATIONAL FINANCIAL MANAGEMENT,https://openalex.org/S92422469,Journal of Multinational Financial Management,1042-444X,True
JOURNAL OF THE ACADEMY OF MARKETING SCIENCE,https://openalex.org/S92522684,Journal of the Academy of Marketing Science,0092-0703,True
OXFORD BULLETIN OF ECONOMICS AND STATISTICS,https://openalex.org/S92565720,Oxford Bulletin of Economics and Statistics,0305-9049,True
JOURNAL OF INTERACTIVE MARKETING,https://openalex.org/S92709572,Journal of Interactive Marketing,1094-9968,True
JOURNAL OF BUSINESS RESEARCH,https://openalex.org/S93284759,Journal of Business Research,0148-2963,True
JOURNAL OF PRODUCT INNOVATION MANAGEMENT,https://openalex.org/S93630570,Journal of Product Innovation Management,0737-6782,True
JOURNAL OF ECONOMIC ISSUES,https://openalex.org/S93666758,Journal of Economic Issues,0021-3624,True
GAMES AND ECONOMIC BEHAVIOR,https://openalex.org/S94044085,Games and Economic Behavior,0899-8256,True
JOURNAL OF BEHAVIORAL FINANCE,https://openalex.org/S94083415,Journal of Behavioral Finance,1542-7560,True
SPANISH JOURNAL OF FINANCE AND ACCOUNTING-REVISTA ESPANOLA DE FINANCIACION Y CONTABILIDA,https://openalex.org/S940947811,Revista Espanola De Financiacion Y Contabilidad-spanish Journal of Finance and Accounting,0210-2412,True
BUSINESS HISTORY,https://openalex.org/S942037226,Business History,0007-6791,True
LONG RANGE PLANNING,https://openalex.org/S9435936,Long Range Planning,0024-6301,True
ENERGY ECONOMICS,https://openalex.org/S94499970,Energy Economics,0140-9883,True
REVUE D ECONOMIE POLITIQUE,https://openalex.org/S945769174,Revue d économie politique,0373-2630,True
HACIENDA PUBLICA ESPANOLA-REVIEW OF PUBLIC ECONOMICS,https://openalex.org/S948502762,Revista Hacienda Pública Española,0210-1173,True
LEADERSHIP,https://openalex.org/S95314075,Leadership,1742-7150,True
JOURNAL OF POLITICAL ECONOMY,https://openalex.org/S95323914,Journal of Political Economy,0022-3808,True
ECONOMETRICA,https://openalex.org/S95464858,Econometrica,0012-9682,True
REVIEW OF DEVELOPMENT ECONOMICS,https://openalex.org/S95496512,Review of Development Economics,1363-6669,True
INTERNATIONAL JOURNAL OF CENTRAL BANKING,https://openalex.org/S9551102,International journal of central banking,1815-4654,True
JOURNAL OF INTERNATIONAL MANAGEMENT,https://openalex.org/S960608072,Journal of International Management,1075-4253,True
APPLIED ECONOMICS LETTERS,https://openalex.org/S96544531,Applied Economics Letters,1350-4851,True
AMERICAN ECONOMIC JOURNAL-MICROECONOMICS,https://openalex.org/S96919139,American Economic Journal Microeconomics,1945-7669,True
BUSINESS ETHICS QUARTERLY,https://openalex.org/S9702615,Business Ethics Quarterly,1052-150X,True
JAHRBUCHER FUR NATIONALOKONOMIE UND STATISTIK,https://openalex.org/S97042997,Jahrbücher für Nationalökonomie und Statistik,0021-4027,True
INTERNATIONAL JOURNAL OF LOGISTICS MANAGEMENT,https://openalex.org/S97048498,The International Journal of Logistics Management,0957-4093,True
CAMBRIDGE JOURNAL OF REGIONS ECONOMY AND SOCIETY,https://openalex.org/S97316453,Cambridge Journal of Regions Economy and Society,1752-1378,True
JOURNAL OF SUPPLY CHAIN MANAGEMENT,https://openalex.org/S97320426,Journal of Supply Chain Management,1523-2409,True
POLITICKA EKONOMIE,https://openalex.org/S976474146,Politická ekonomie,0032-3233,True
JOURNAL OF ORGANIZATIONAL BEHAVIOR MANAGEMENT,https://openalex.org/S97886924,Journal of Organizational Behavior Management,0160-8061,True
AGRICULTURAL ECONOMICS-ZEMEDELSKA EKONOMIKA,https://openalex.org/S980556082,Agricultural Economics (Zemědělská ekonomika),0139-570X,True
COMPUTATIONAL ECONOMICS,https://openalex.org/S98984247,Computational Economics,0927-7099,True
JOURNAL OF INDUSTRIAL ECONOMICS,https://openalex.org/S99067594,Journal of Industrial Economics,0022-1821,True
EKONOMICKY CASOPIS,https://openalex.org/S992988095,Ekonomický časopis,0013-3035,True
ECONOMIC POLICY,https://openalex.org/S99606308,Economic Policy,0266-4658,True
MANAGEMENT LEARNING,https://openalex.org/S99768379,Management Learning,1350-5076,True
JOURNAL OF LAW & ECONOMICS,https://openalex.org/S998097505,The Journal of Law and Economics,0022-2186,True
