,Name,Group,Class,id,short_id,display_name,hint,cited_by_count,works_count,entity_type,external_id,filter_key
2,"Gupta, Rangan",T,HCP,https://openalex.org/A5018827697,authors/A5018827697,Rangan Gupta,"University of Münster, Germany",621,32,author,https://orcid.org/0000-0003-3438-4308,authorships.author.id
8,"Lee, Chien-Chiang",T,HCP,https://openalex.org/A5015591219,authors/A5015591219,Chien-Chiang Lee,"Nanchang University, China",16,5,author,,authorships.author.id
0,"Bouri, Elie",T,HCP,https://openalex.org/A5071230295,authors/A5071230295,Elie Bouri,"Holy Spirit University of Kaslik, Lebanon",26424,466,author,https://orcid.org/0000-0003-2628-5027,authorships.author.id
6,"Tiwari, Aviral Kumar",T,HCP,https://openalex.org/A5062136150,authors/A5062136150,Aviral Kumar Tiwari,"Magadh University, India",22981,712,author,https://orcid.org/0000-0002-1822-9263,authorships.author.id
3,Xuan Vinh Vo,T,HCP,https://openalex.org/A5001100407,authors/A5001100407,Xuan Vinh Vo,University of Economics and Law,15878,383,author,https://orcid.org/0000-0002-3868-8176,authorships.author.id
0,"Kong, Dongmin",T,HCP,https://openalex.org/A5056520084,authors/A5056520084,Dongmin Kong,"Huazhong University of Science and Technology, China",6454,247,author,https://orcid.org/0000-0001-5981-0452,authorships.author.id
0,"Kraus, Sascha",T,HCP,https://openalex.org/A5055158022,authors/A5055158022,Sascha Kraus,"University of Siegen, Germany",40198,586,author,https://orcid.org/0000-0003-4886-7482,authorships.author.id
0,"Goodell, John W.",T,HCP,https://openalex.org/A5025970919,authors/A5025970919,John W. Goodell,"University of Akron, USA",11578,300,author,https://orcid.org/0000-0003-4126-9244,authorships.author.id
2,"Lin, Boqiang",T,HCP,https://openalex.org/A5003679114,authors/A5003679114,Boqiang Lin,"Xiamen University, China",53646,991,author,https://orcid.org/0000-0002-1308-400X,authorships.author.id
4,"Lucey, Brian M.",C,ERC,https://openalex.org/A5010285399,authors/A5010285399,Brian M. Lucey,"Trinity College Dublin, Ireland",28357,696,author,https://orcid.org/0000-0002-4052-8235,authorships.author.id
0,"Hammoudeh, Shawkat",T,HCP,https://openalex.org/A5038883380,authors/A5038883380,Shawkat Hammoudeh,"University of Economics Ho Chi Minh City, Viet Nam",20858,427,author,https://orcid.org/0000-0002-5455-5453,authorships.author.id
1,"Ji, Qiang",T,HCP,https://openalex.org/A5083070771,authors/A5083070771,Qiang Ji,"Zigong First People's Hospital, China",21788,367,author,https://orcid.org/0000-0002-3502-5254,authorships.author.id
0,"Ma, Feng",T,HCP,https://openalex.org/A5034570850,authors/A5034570850,Feng Ma,"Northeastern University, China",1985,167,author,,authorships.author.id
2,"Shahbaz, Muhammad",T,HCP,https://openalex.org/A5052033177,authors/A5052033177,Muhammad Shahbaz,,59231,863,author,https://orcid.org/0000-0003-4916-7648,authorships.author.id
9,"Kang, Sang Hoon",T,HCP,https://openalex.org/A5043947709,authors/A5043947709,Sang Hoon Kang,"Korea Advanced Institute of Science and Technology, Korea, Republic of",1559,370,author,https://orcid.org/0000-0002-7907-9772,authorships.author.id
0,"Smyth, Russell",T,HCP,https://openalex.org/A5087969968,authors/A5087969968,Russell Smyth,"Monash University, Australia",24683,802,author,https://orcid.org/0000-0001-6593-5462,authorships.author.id
7,"Uddin, Gazi Salah",T,HCP,https://openalex.org/A5019480291,authors/A5019480291,Gazi Salah Uddin,"Linköping University, Sweden",10975,370,author,https://orcid.org/0000-0002-5744-0192,authorships.author.id
0,"Corbet, Shaen",T,HCP,https://openalex.org/A5019834648,authors/A5019834648,Shaen Corbet,"Dublin City University, Ireland",12372,405,author,https://orcid.org/0000-0001-7430-7417,authorships.author.id
0,"Managi, Shunsuke",T,HCP,https://openalex.org/A5035555297,authors/A5035555297,Shunsuke Managi,"University of Bonn, Germany",22052,1020,author,https://orcid.org/0000-0001-7883-1427,authorships.author.id
0,"Apergis, Nicholas",T,HCP,https://openalex.org/A5108034146,authors/A5108034146,Nicholas Apergis,"University of Piraeus, Greece",26202,584,author,https://orcid.org/0000-0002-7433-2871,authorships.author.id
7,"Audretsch, David B.",T,HCP,https://openalex.org/A5078117070,authors/A5078117070,David B. Audretsch,"Indiana University Bloomington, USA",75259,1043,author,https://orcid.org/0000-0002-3815-7762,authorships.author.id
5,"Chang, Chun-Ping",T,HCP,https://openalex.org/A5064552083,authors/A5064552083,Chun-Ping Chang,"Institute of Biomedical Sciences, Academia Sinica, Taiwan, Province of China",280,13,author,,authorships.author.id
0,"Shahzad, Syed Jawad Hussain",T,HCP,https://openalex.org/A5021804779,authors/A5021804779,Syed Jawad Hussain Shahzad,"Montpellier Business School, France",16338,303,author,https://orcid.org/0000-0003-3511-6057,authorships.author.id
0,"Vrontis, Demetris",T,HCP,https://openalex.org/A5040844824,authors/A5040844824,Demetris Vrontis,"University of Nicosia, Cyprus",20973,767,author,https://orcid.org/0000-0001-7570-6241,authorships.author.id
4,"Wang, Shouyang",T,HCP,https://openalex.org/A5107048290,authors/A5107048290,Shouyang Wang,,0,3,author,,authorships.author.id
0,"Umar, Muhammad",T,HCP,https://openalex.org/A5100756987,authors/A5100756987,Muhammad Umar,"Lebanese American University, Lebanon",19122,272,author,https://orcid.org/0000-0001-5773-5954,authorships.author.id
3,"Mensi, Walid",T,HCP,https://openalex.org/A5021863807,authors/A5021863807,Walid Mensi,"University of Economics Ho Chi Minh City, Viet Nam",11434,236,author,https://orcid.org/0000-0003-2126-0787,authorships.author.id
0,"Parida, Vinit",T,HCP,https://openalex.org/A5090362709,authors/A5090362709,Vinit Parida,"Luleå University of Technology, Sweden",22444,331,author,https://orcid.org/0000-0003-3255-414X,authorships.author.id
0,"Wen, Fenghua",T,HCP,https://openalex.org/A5010789733,authors/A5010789733,Fenghua Wen,"Central South University, China",8576,214,author,https://orcid.org/0000-0003-2991-3981,authorships.author.id
0,"Umar, Zaghum",T,HCP,https://openalex.org/A5021559309,authors/A5021559309,Zaghum Umar,"Zayed University, United Arab Emirates",6594,160,author,,authorships.author.id
6,"De Massis, Alfredo",T,HCP,https://openalex.org/A5062289104,authors/A5062289104,Alfredo De Massis,"Zhejiang International Studies University, China",19380,485,author,https://orcid.org/0000-0001-5552-6497,authorships.author.id
0,"Guedhami, Omrane",T,HCP,https://openalex.org/A5043790847,authors/A5043790847,Omrane Guedhami,"University of South Carolina, USA",19375,308,author,https://orcid.org/0000-0002-3945-8313,authorships.author.id
0,"Sensoy, Ahmet",T,HCP,https://openalex.org/A5090267717,authors/A5090267717,Ahmet Şensoy,,7893,195,author,,authorships.author.id
0,"Guedhami, Omrane",C,Moskowitz Prize,https://openalex.org/A5043790847,authors/A5043790847,Omrane Guedhami,"University of South Carolina, USA",19375,308,author,https://orcid.org/0000-0002-3945-8313,authorships.author.id
1,"Dong, Kangyin",T,HCP,https://openalex.org/A5033003201,authors/A5033003201,Kangyin Dong,"Johns Hopkins University, USA",18853,280,author,https://orcid.org/0000-0002-5776-1498,authorships.author.id
6,"Dwivedi, Yogesh K.",T,HCP,https://openalex.org/A5048622877,authors/A5048622877,Yogesh K. Dwivedi,"King Fahd University of Petroleum and Minerals, Saudi Arabia",86816,944,author,https://orcid.org/0000-0002-5547-9990,authorships.author.id
5,"Kumar, Satish",T,HCP,https://openalex.org/A5100777365,authors/A5100777365,Satish Kumar,"University of Lisbon, Portugal",34585,396,author,https://orcid.org/0000-0001-5200-1476,authorships.author.id
0,"Paul, Justin",T,HCP,https://openalex.org/A5078843987,authors/A5078843987,Justin Paul,"Corvinus University of Budapest, Hungary",31705,292,author,https://orcid.org/0000-0001-5062-8371,authorships.author.id
8,"Taghizadeh-Hesary, Farhad",T,HCP,https://openalex.org/A5086567248,authors/A5086567248,Farhad Taghizadeh–Hesary,"Tokai University, Japan",19706,567,author,https://orcid.org/0000-0001-5446-7093,authorships.author.id
4,"Gozgor, Giray",T,HCP,https://openalex.org/A5015669404,authors/A5015669404,Rangan Gupta,"University of Pretoria, South Africa",29946,1571,author,,authorships.author.id
3,"Wincent, Joakim",T,HCP,https://openalex.org/A5019143179,authors/A5019143179,Joakim Wincent,"University of St. Gallen, Switzerland",12730,250,author,https://orcid.org/0000-0002-8770-8874,authorships.author.id
4,"Roubaud, David",T,HCP,https://openalex.org/A5050337531,authors/A5050337531,David Roubaud,"Institute of Management Technology, India",23242,230,author,https://orcid.org/0000-0003-3827-6187,authorships.author.id
0,"Grewal, Dhruv",T,HCP,https://openalex.org/A5076693618,authors/A5076693618,Dhruv Grewal,"Boston University, USA",59914,357,author,https://orcid.org/0000-0002-7046-6063,authorships.author.id
1,"Naeem, Muhammad Abubakr",T,HCP,https://openalex.org/A5039331964,authors/A5039331964,Muhammad Abubakr Naeem,,11547,255,author,https://orcid.org/0000-0001-6962-3175,authorships.author.id
1,"El Ghoul, Sadok",C,Moskowitz Prize,https://openalex.org/A5091466387,authors/A5091466387,Sadok El Ghoul,"Dalhousie University, Canada",14795,251,author,https://orcid.org/0000-0002-9405-6114,authorships.author.id
8,"Song, Malin",T,HCP,https://openalex.org/A5017225494,authors/A5017225494,Malin Song,"Shandong University, China",6472,120,author,https://orcid.org/0000-0002-1122-1066,authorships.author.id
1,"Yousaf, Imran",T,HCP,https://openalex.org/A5087544432,authors/A5087544432,Imran Yousaf,"University of Jordan, Jordan",5470,153,author,https://orcid.org/0000-0003-1968-293X,authorships.author.id
6,"Su, Chi-Wei",T,HCP,https://openalex.org/A5079462108,authors/A5079462108,Chi‐Wei Su,"Qingdao University, China",14698,439,author,https://orcid.org/0000-0001-9722-8105,authorships.author.id
0,"Abedin, Mohammad Zoynul",T,HCP,https://openalex.org/A5047331779,authors/A5047331779,Mohammad Zoynul Abedin,"Swansea University, UK",5516,258,author,https://orcid.org/0000-0002-4688-0619,authorships.author.id
1,"Budhwar, Pawan",T,HCP,https://openalex.org/A5055856506,authors/A5055856506,Pawan Budhwar,"Aston University, UK",19228,456,author,https://orcid.org/0000-0001-8915-6172,authorships.author.id
1,"Dabic, Marina",T,HCP,https://openalex.org/A5017353394,authors/A5017353394,Marina Dabić,"University of International Business and Economics, China",12239,426,author,https://orcid.org/0000-0001-8374-9719,authorships.author.id
1,"Lim, Weng Marc",T,HCP,https://openalex.org/A5045594204,authors/A5045594204,Weng Marc Lim,"Jaipuria Institute of Management, India",33476,398,author,https://orcid.org/0000-0001-7196-1923,authorships.author.id
1,"Churchill, Sefa Awaworyi",T,HCP,https://openalex.org/A5053415289,authors/A5053415289,Sefa Awaworyi Churchill,"MIT University, North Macedonia",7073,215,author,https://orcid.org/0000-0002-1930-9177,authorships.author.id
1,"Dhir, Amandeep",T,HCP,https://openalex.org/A5008359350,authors/A5008359350,Amandeep Dhir,"University of Agder, Norway",29920,311,author,,authorships.author.id
8,"Wright, Mike",T,HCP,https://openalex.org/A5076562729,authors/A5076562729,Mike Wright,,280,20,author,,authorships.author.id
4,"Shepherd, Dean A.",C,Several awards,https://openalex.org/A5011084627,authors/A5011084627,Dean A. Shepherd,"University of Notre Dame, USA",55436,489,author,https://orcid.org/0000-0003-4269-1826,authorships.author.id
3,"Lau, Chi Keung",T,HCP,https://openalex.org/A5032606372,authors/A5032606372,Chi-Keung Lau,,175,11,author,,authorships.author.id
2,"Urquhart, Andrew",T,HCP,https://openalex.org/A5087571137,authors/A5087571137,Michael P. Clements,"ICMA Centre, UK",9703,236,author,https://orcid.org/0000-0001-6329-1341,authorships.author.id
4,"Vismara, Silvio",T,HCP,https://openalex.org/A5007113028,authors/A5007113028,Silvio Vismara,"University of Bergamo, Italy",10584,290,author,https://orcid.org/0000-0001-5411-0326,authorships.author.id
9,"Zhang, Dayong",T,HCP,https://openalex.org/A5050809806,authors/A5050809806,Dayong Zhang,"Dalian Ocean University, China",16306,277,author,https://orcid.org/0000-0001-8722-176X,authorships.author.id
7,"Hao, Yu",T,HCP,https://openalex.org/A5100633532,authors/A5100633532,Yu Hao,"Peking University, China",457,72,author,https://orcid.org/0000-0002-0515-4506,authorships.author.id
4,"Shepherd, Dean A.",T,HCP,https://openalex.org/A5011084627,authors/A5011084627,Dean A. Shepherd,"University of Notre Dame, USA",55436,489,author,https://orcid.org/0000-0003-4269-1826,authorships.author.id
6,"Acemoglu, Daron",C,Nobel Prize,https://openalex.org/A5018452472,authors/A5018452472,Daron Acemoglu Woodford,,4,7,author,,authorships.author.id
5,"List, John A.",C,R._K._Cho_Economics_Prize,https://openalex.org/A5083530241,authors/A5083530241,John A. List,"University of Chicago, USA",45640,887,author,https://orcid.org/0000-0002-1740-3848,authorships.author.id
0,"Gubareva, Mariya",T,HCP,https://openalex.org/A5036032433,authors/A5036032433,Mariya Gubareva,"University of Lisbon, Portugal",3179,114,author,https://orcid.org/0000-0001-6829-7021,authorships.author.id
1,"Demir, Ender",T,HCP,https://openalex.org/A5078880859,authors/A5078880859,Ender Demir,"Reykjavík University, Iceland",8308,199,author,https://orcid.org/0000-0003-4034-269X,authorships.author.id
1,"Kumar, V.",T,HVP,https://openalex.org/A5102961473,authors/A5102961473,V. Kumar,"MetroHealth, USA",19691,163,author,,authorships.author.id
0,"Karim, Sitara",T,HCP,https://openalex.org/A5035670625,authors/A5035670625,Sitara Karim,"University of Nottingham Malaysia Campus, Malaysia",5546,142,author,https://orcid.org/0000-0001-5086-6230,authorships.author.id
7,"Boubaker, Sabri",T,HCP,https://openalex.org/A5081676508,authors/A5081676508,Sabri Boubaker,"Vietnam National University, Hanoi, Viet Nam",10719,360,author,https://orcid.org/0000-0002-6416-2952,authorships.author.id
1,"Yarovaya, Larisa",T,HCP,https://openalex.org/A5052979321,authors/A5052979321,Larisa Yarovaya,"Anglia Ruskin University, UK",11979,163,author,https://orcid.org/0000-0002-9638-2917,authorships.author.id
5,"Zhang, Dongyang",T,HCP,https://openalex.org/A5100716670,authors/A5100716670,Dongyang Zhang,"Hubei University of Medicine, China",5970,188,author,https://orcid.org/0000-0002-3565-6291,authorships.author.id
0,"Aguinis, Herman",T,HCP,https://openalex.org/A5067660877,authors/A5067660877,Herman Aguinis,"George Washington University, USA",39062,353,author,https://orcid.org/0000-0002-3485-9484,authorships.author.id
1,"Mirza, Nawazish",T,HCP,https://openalex.org/A5030355028,authors/A5030355028,Nawazish Mirza,"Excelia Business School, France",8385,220,author,https://orcid.org/0000-0003-4265-9519,authorships.author.id
1,"Bouncken, Ricarda B.",T,HCP,https://openalex.org/A5023850919,authors/A5023850919,Ricarda B. Bouncken,"University of Bayreuth, Germany",10259,333,author,https://orcid.org/0000-0003-0510-7491,authorships.author.id
3,"Ren, Xiaohang",T,HCP,https://openalex.org/A5077214780,authors/A5077214780,Xiaohang Ren,"Central South University, China",9409,212,author,https://orcid.org/0000-0002-9097-580X,authorships.author.id
2,"Del Giudice, Manlio",T,HCP,https://openalex.org/A5046384052,authors/A5046384052,Manlio Del Giudice,"National Research University Higher School of Economics, Russian Federation",15101,276,author,https://orcid.org/0000-0002-2389-4495,authorships.author.id
6,"Yan, Cheng",T,HCP,https://openalex.org/A5056837726,authors/A5056837726,Cheng Yan,"University of Essex, UK",3657,149,author,https://orcid.org/0000-0002-3569-6859,authorships.author.id
0,"Gabauer, David",T,HCP,https://openalex.org/A5079473216,authors/A5079473216,David Gabauer,"Lincoln University - Pennsylvania, USA",8004,132,author,https://orcid.org/0000-0003-2465-5741,authorships.author.id
0,"Hollebeek, Linda D.",T,HCP,https://openalex.org/A5068350949,authors/A5068350949,Linda D. Hollebeek,"Tallinn University of Technology, Estonia",23912,176,author,https://orcid.org/0000-0002-1282-0319,authorships.author.id
1,"Zhou, Kevin Zheng",T,HCP,https://openalex.org/A5110749191,authors/A5110749191,Kevin Zheng Zhou,"University of Hong Kong, Hong Kong",19351,184,author,,authorships.author.id
0,"Su, Bin",T,HCP,https://openalex.org/A5035374545,authors/A5035374545,Bin Su,"Xi'an University of Science and Technology, China",11358,419,author,https://orcid.org/0000-0003-0115-2279,authorships.author.id
1,"Lee, Chi-Chuan",T,HCP,https://openalex.org/A5082666630,authors/A5082666630,Chi‐Chuan Lee,"City University of Macau, Macao",6479,107,author,https://orcid.org/0000-0003-0644-1168,authorships.author.id
3,"Petruzzelli, Antonio Messeni",T,HCP,https://openalex.org/A5025430409,authors/A5025430409,Antonio Messeni Petruzzelli,"Polytechnic University of Bari, Italy",13799,234,author,https://orcid.org/0000-0002-6852-5167,authorships.author.id
0,"Ntim, Collins G.",T,HCP,https://openalex.org/A5043169421,authors/A5043169421,Collins G. Ntim,"King Fahd University of Petroleum and Minerals, Saudi Arabia",12431,272,author,https://orcid.org/0000-0002-1042-4056,authorships.author.id
4,"Gorodnichenko, Yuriy",C,R._K._Cho_Economics_Prize,https://openalex.org/A5017568125,authors/A5017568125,Yuriy Gorodnichenko,"National Bureau of Economic Research, USA",22983,641,author,https://orcid.org/0000-0002-3639-4254,authorships.author.id
3,"Zhang, Bing",T,HCP,https://openalex.org/A5100389664,authors/A5100389664,Bing Zhang,"Kunming University of Science and Technology, China",38897,784,author,https://orcid.org/0000-0001-8676-2425,authorships.author.id
3,"Shao, Shuai",T,HCP,https://openalex.org/A5000043923,authors/A5000043923,Shuai Shao,"Tongji University, China",15329,182,author,https://orcid.org/0000-0002-9525-6310,authorships.author.id
0,"Ritala, Paavo",T,HCP,https://openalex.org/A5047360486,authors/A5047360486,Paavo Ritala,"Luleå University of Technology, Sweden",13618,260,author,https://orcid.org/0000-0002-8525-4610,authorships.author.id
3,"Wu, Haitao",T,HCP,https://openalex.org/A5064876335,authors/A5064876335,Haitao Wu,"Qingdao University, China",3130,209,author,https://orcid.org/0000-0002-7617-2832,authorships.author.id
3,"Ribeiro-Soriano, Domingo",T,HCP,https://openalex.org/A5032073164,authors/A5032073164,Domingo Ribeiro Soriano,"Universitat de València, Spain",12630,268,author,https://orcid.org/0000-0003-3222-9101,authorships.author.id
0,"Bresciani, Stefano",T,HCP,https://openalex.org/A5028407190,authors/A5028407190,Stefano Bresciani,"Department of Medical Sciences, Belarus",10544,187,author,https://orcid.org/0000-0003-0321-9174,authorships.author.id
0,"Palmatier, Robert W.",T,HCP,https://openalex.org/A5110487435,authors/A5110487435,Robert W. Palmatier,"University of Washington, USA",18172,179,author,,authorships.author.id
5,"Wirtz, Jochen",T,HCP,https://openalex.org/A5064998398,authors/A5064998398,Jochen Wirtz,"National University of Singapore, Singapore",24340,359,author,,authorships.author.id
1,"Nepal, Rabindra",T,HCP,https://openalex.org/A5089150146,authors/A5089150146,Rabindra Nepal,"University of Wollongong, Australia",5584,262,author,https://orcid.org/0000-0001-9378-6206,authorships.author.id
0,"Frattini, Federico",T,HCP,https://openalex.org/A5044315503,authors/A5044315503,Federico Frattini,"Fondazione Eni Enrico Mattei, Italy",11464,246,author,https://orcid.org/0000-0001-5100-3605,authorships.author.id
2,"Gong, Xu",T,HCP,https://openalex.org/A5074838225,authors/A5074838225,Xu Gong,"King University, USA",1544,176,author,https://orcid.org/0000-0001-6383-0667,authorships.author.id
2,"Dong, Xiucheng",T,HCP,https://openalex.org/A5018715180,authors/A5018715180,Xiucheng Dong,"Dalian Ocean University, China",8939,187,author,https://orcid.org/0000-0002-4597-0356,authorships.author.id
0,"Sunde, Uwe",C,Gossen_Prize,https://openalex.org/A5021689391,authors/A5021689391,Uwe Sunde,"Center for Economic and Policy Research, USA",15330,298,author,https://orcid.org/0000-0002-2110-7822,authorships.author.id
5,"Zhou, Guofu",T,HCP,https://openalex.org/A5012239666,authors/A5012239666,Guofu Zhou,"South China Normal University, China",16153,295,author,https://orcid.org/0000-0002-4104-403X,authorships.author.id
0,"Strack, Philipp",C,John_Bates_Clark_Medal,https://openalex.org/A5020332447,authors/A5020332447,Philipp Strack,"Yale University, USA",1779,126,author,https://orcid.org/0000-0002-7960-9243,authorships.author.id
0,"Ringle, Christian M.",T,HCP,https://openalex.org/A5087109003,authors/A5087109003,Christian M. Ringle,"Universität Hamburg, Germany",188876,368,author,https://orcid.org/0000-0002-7027-8804,authorships.author.id
6,"Fisher, Greg",T,HCP,https://openalex.org/A5101462655,authors/A5101462655,Greg Fisher,"Indiana University Bloomington, USA",5600,143,author,https://orcid.org/0000-0001-5773-9947,authorships.author.id
0,"Aguilera, Ruth V.",T,HCP,https://openalex.org/A5085797169,authors/A5085797169,Ruth V. Aguilera,"Northeastern University, USA",25140,264,author,https://orcid.org/0000-0002-1144-1499,authorships.author.id
7,"Van Nieuwerburgh, Stijn",C,German_Bernacer_Prize,https://openalex.org/A5064406662,authors/A5064406662,Stijn Van Nieuwerburgh,"National Bureau of Economic Research, USA",13493,253,author,https://orcid.org/0000-0002-9797-114X,authorships.author.id
6,"Kaur, Puneet",T,HCP,https://openalex.org/A5008128129,authors/A5008128129,Puneet Kaur,"Guru Nanak Dev University, India",15884,204,author,https://orcid.org/0000-0002-8309-8888,authorships.author.id
1,"Hair, Joseph F.",T,HCP,https://openalex.org/A5021051472,authors/A5021051472,Joseph F. Hair,"University of Alabama, USA",134426,289,author,https://orcid.org/0000-0002-9226-9693,authorships.author.id
1,"Wang, Chih-Wei",T,HCP,https://openalex.org/A5101951923,authors/A5101951923,Chih-Wei Wang,"National Applied Research Laboratories, Taiwan, Province of China",134,5,author,https://orcid.org/0000-0001-9986-130X,authorships.author.id
1,"Bloom, Nicholas",C,German_Bernacer_Prize,https://openalex.org/A5044421873,authors/A5044421873,Nicholas Bloom,"National Bureau of Economic Research, USA",61005,558,author,https://orcid.org/0000-0002-1600-7819,authorships.author.id
4,"Cifuentes-Faura, Javier",T,HCP,https://openalex.org/A5090021185,authors/A5090021185,Javier Cifuentes‐Faura,"Universidad Politécnica de Cartagena, Spain",5301,227,author,https://orcid.org/0000-0001-6763-8525,authorships.author.id
1,"Qin, Meng",T,HCP,https://openalex.org/A5100739961,authors/A5100739961,Meng Qin,"Collaborative Innovation Center of Advanced Microstructures, China",5093,156,author,https://orcid.org/0000-0003-4025-6089,authorships.author.id
1,"Sun, Chuanwang",T,HCP,https://openalex.org/A5072227383,authors/A5072227383,Chuanwang Sun,"Xiamen University, China",9643,190,author,https://orcid.org/0000-0002-1900-4699,authorships.author.id
2,"Feng, Gen-Fu",T,HCP,https://openalex.org/A5100579718,authors/A5100579718,Gen‐Fu Feng,"Xi'an Jiaotong University, China",3787,80,author,,authorships.author.id
0,"Reboredo, Juan C.",T,HCP,https://openalex.org/A5067885599,authors/A5067885599,Juan C. Reboredo,"Universidade de Santiago de Compostela, Spain",9208,115,author,https://orcid.org/0000-0003-3912-9410,authorships.author.id
7,"Miguel, Edward",C,Frisch Medal ,https://openalex.org/A5111439367,authors/A5111439367,Edward Miguel,,561,239,author,,authorships.author.id
0,"Finkelstein, Amy",C,John_Bates_Clark_Medal,https://openalex.org/A5012244489,authors/A5012244489,Amy Finkelstein,"National Bureau of Economic Research, USA",18132,380,author,https://orcid.org/0000-0002-9941-6684,authorships.author.id
1,"Kelly, Bryan",C,Fama-DFA Prize ,https://openalex.org/A5101435735,authors/A5101435735,Bryan Kelly,"Kelly Services (United States), USA",15217,87,author,https://orcid.org/0000-0001-6752-822X,authorships.author.id
5,"Aghion, Philippe",C,John Von Neumann Award,https://openalex.org/A5084984675,authors/A5084984675,Philippe Aghion,"INSEAD, United Arab Emirates",77959,685,author,https://orcid.org/0000-0002-9019-1677,authorships.author.id
0,"Coibion, Olivier",T,HCP,https://openalex.org/A5034004951,authors/A5034004951,Olivier Coibion,"The University of Texas at Austin, USA",14012,373,author,,authorships.author.id
2,"Donthu, Naveen",T,HCP,https://openalex.org/A5074473734,authors/A5074473734,Naveen Donthu,"Georgia State University, USA",37778,188,author,https://orcid.org/0000-0002-8525-3159,authorships.author.id
4,"Shin, Hyun Song",C,R._K._Cho_Economics_Prize,https://openalex.org/A5027298282,authors/A5027298282,Hyun Song Shin,"Bank for International Settlements, Switzerland",28205,488,author,https://orcid.org/0000-0002-0821-2759,authorships.author.id
4,"Banerjee, Abhijit",C,Nobel Prize,https://openalex.org/A5048028100,authors/A5048028100,Abhijit Banerjee,"King's College London, UK",46321,1371,author,https://orcid.org/0000-0001-9923-6088,authorships.author.id
4,"Van Reenen, John",C,Arrow Prize,https://openalex.org/A5004443266,authors/A5004443266,John Van Reenen,"Institute for Fiscal Studies, UK",53944,674,author,https://orcid.org/0000-0001-9153-2907,authorships.author.id
3,"Sarstedt, Marko",C,Several paper's awards,https://openalex.org/A5053369574,authors/A5053369574,Marko Sarstedt,"Babeș-Bolyai University, Romania",192498,526,author,https://orcid.org/0000-0002-5424-4268,authorships.author.id
8,"Schularick, Moritz",C,Gossen_Prize,https://openalex.org/A5063748244,authors/A5063748244,Alan M. Taylor,"Center for Economic and Policy Research, USA",17792,443,author,https://orcid.org/0000-0003-3273-0844,authorships.author.id
0,"Besley, Timothy",C,John Von Neumann Award,https://openalex.org/A5110757928,authors/A5110757928,Timothy Besley,"World Bank, USA",26132,301,author,,authorships.author.id
1,"Wen, Huwei",T,HCP,https://openalex.org/A5071205039,authors/A5071205039,Huwei Wen,"Nanchang University, China",4349,103,author,https://orcid.org/0000-0002-8422-1593,authorships.author.id
1,"Shleifer, Andrei",C,John_Bates_Clark_Medal,https://openalex.org/A5110890240,authors/A5110890240,Andrei Shleifer,"National Bureau of Economic Research, USA",229132,526,author,,authorships.author.id
2,"Kannan, P. K.",T,HCP,https://openalex.org/A5108540278,authors/A5108540278,P. K. Kannan,"University of Maryland, College Park, USA",35,9,author,,authorships.author.id
0,"Zhang, Ning",T,HCP,https://openalex.org/A5100404886,authors/A5100404886,Ning Zhang,"Changchun University of Science and Technology, China",36450,1286,author,https://orcid.org/0000-0002-8781-4925,authorships.author.id
2,"Pathak, Parag A.",C,John_Bates_Clark_Medal,https://openalex.org/A5019266000,authors/A5019266000,Parag A. Pathak,"Massachusetts Institute of Technology, USA",9989,228,author,https://orcid.org/0000-0001-8621-3864,authorships.author.id
2,"Teece, David J.",T,HCP,https://openalex.org/A5028336290,authors/A5028336290,David J. Teece,"Institute for Learning Innovation, USA",45,8,author,,authorships.author.id
4,"He, Feng",T,HCP,https://openalex.org/A5102787568,authors/A5102787568,Feng He,"Zhejiang International Studies University, China",2753,216,author,https://orcid.org/0000-0001-7114-8078,authorships.author.id
7,"Saez, Emmanuel",C,John_Bates_Clark_Medal,https://openalex.org/A5017685817,authors/A5017685817,Emmanuel Saez,"University of California, Berkeley, USA",45464,482,author,,authorships.author.id
3,"Feng, Chao",T,HCP,https://openalex.org/A5017413913,authors/A5017413913,Chao Feng,"Jiangnan University, China",1999,100,author,https://orcid.org/0000-0003-3259-562X,authorships.author.id
2,"Tian, Xuan",T,HCP,https://openalex.org/A5103000178,authors/A5103000178,Xuan Tian,"Peking University, China",477,50,author,https://orcid.org/0000-0002-3994-0425,authorships.author.id
0,"Zhao, Xin",T,HCP,https://openalex.org/A5019676309,authors/A5019676309,Xin Zhao,"Kunming University of Science and Technology, China",3890,298,author,https://orcid.org/0000-0001-6310-2715,authorships.author.id
0,"Card, David",C,Nobel Prize,https://openalex.org/A5090324651,authors/A5090324651,David Card,"National Bureau of Economic Research, USA",58428,689,author,https://orcid.org/0000-0001-6914-6698,authorships.author.id
2,"Chesbrough, Henry",T,HCP,https://openalex.org/A5077965593,authors/A5077965593,Henry Chesbrough,"Berkeley College, USA",49756,205,author,https://orcid.org/0000-0002-3121-2394,authorships.author.id
3,"Flavian, Carlos",T,HCP,https://openalex.org/A5044113079,authors/A5044113079,Carlos Flavián,"Universidad de Zaragoza, Spain",25238,293,author,https://orcid.org/0000-0001-7118-9013,authorships.author.id
1,"Serafeim, George",T,HCP,https://openalex.org/A5006610838,authors/A5006610838,George Serafeim,"Harvard University, USA",25144,272,author,https://orcid.org/0000-0002-1528-6473,authorships.author.id
0,"Kowalkowski, Christian",T,HCP,https://openalex.org/A5001255461,authors/A5001255461,Christian Kowalkowski,"Linköping University, Sweden",9092,216,author,https://orcid.org/0000-0002-4081-9737,authorships.author.id
0,"Rizvi, Syed Kumail Abbas",T,HCP,https://openalex.org/A5087925937,authors/A5087925937,Syed Kumail Abbas Rizvi,"Purdue University West Lafayette, USA",4870,79,author,https://orcid.org/0000-0003-1246-0912,authorships.author.id
0,"Giglio, Stefano",C,Moskowitz Prize,https://openalex.org/A5013077462,authors/A5013077462,Stefano Giglio,"National Bureau of Economic Research, USA",9393,144,author,https://orcid.org/0000-0002-7703-2671,authorships.author.id
1,"Haenlein, Michael",T,HCP,https://openalex.org/A5002909072,authors/A5002909072,Michael Haenlein,"University of Liverpool, UK",38401,89,author,https://orcid.org/0000-0001-6175-4947,authorships.author.id
3,"Wooldridge, Jeffrey M.",T,HCP,https://openalex.org/A5084771969,authors/A5084771969,Jeffrey M. Wooldridge,"Michigan State University, USA",82472,230,author,https://orcid.org/0000-0002-1579-6406,authorships.author.id
0,"Du, Kerui",T,HCP,https://openalex.org/A5033994682,authors/A5033994682,Kerui Du,"Twitter (United States), USA",7711,80,author,https://orcid.org/0000-0001-7388-7018,authorships.author.id
0,"Autor, David",C,Special Heinz Award,https://openalex.org/A5029839974,authors/A5029839974,David Autor,"National Bureau of Economic Research, USA",64051,333,author,,authorships.author.id
4,"Stroebel, Johannes",C,Fischer Black Prize,https://openalex.org/A5062207917,authors/A5062207917,Johannes Ströbel,"Allgemeiner Deutscher Automobil Club, Germany",4533,185,author,https://orcid.org/0000-0002-2124-1116,authorships.author.id
4,"Taylor, Alan M.",C,Sanwa Prize in International Economics and Financial Markets,https://openalex.org/A5063748244,authors/A5063748244,Alan M. Taylor,"Center for Economic and Policy Research, USA",17792,443,author,https://orcid.org/0000-0003-3273-0844,authorships.author.id
0,"Rossi, Barbara",C,ERC,https://openalex.org/A5059374703,authors/A5059374703,Barbara Rossi,"Oxford Research Group, UK",2858,185,author,https://orcid.org/0000-0001-6228-0309,authorships.author.id
1,"Zhao, Jun",T,HCP,https://openalex.org/A5100358003,authors/A5100358003,Jun Zhao,"Xinjiang Medical University, China",14122,588,author,https://orcid.org/0000-0001-9096-103X,authorships.author.id
1,"Kristoufek, Ladislav",T,HCP,https://openalex.org/A5083821951,authors/A5083821951,Ladislav Krištoufek,"Charles University, Czechia",8360,187,author,,authorships.author.id
6,"Duflo, Esther",C,Nobel Prize,https://openalex.org/A5015565298,authors/A5015565298,Esther Duflo,"National Bureau of Economic Research, USA",62223,1393,author,,authorships.author.id
5,"Robinson, James A.",C,Nobel Prize,https://openalex.org/A5014156593,authors/A5014156593,James A. Robinson,"University of Nigeria, Nigeria",57630,433,author,https://orcid.org/0000-0002-8028-0393,authorships.author.id
0,"Zhang, Bohui",T,HCP,https://openalex.org/A5007132849,authors/A5007132849,Bohui Zhang,"Shanghai University of Electric Power, China",5497,200,author,https://orcid.org/0000-0002-5458-6487,authorships.author.id
4,"Tirole, Jean",C,Nobel Prize,https://openalex.org/A5110429533,authors/A5110429533,Jean Tirole,"National Bureau of Economic Research, USA",92990,536,author,,authorships.author.id
1,"Xiu, Dacheng",C,SFI BEST PAPER AWARD,https://openalex.org/A5050253426,authors/A5050253426,Dacheng Xiu,"National Bureau of Economic Research, USA",7798,99,author,https://orcid.org/0000-0002-2250-0861,authorships.author.id
1,"Greenstone, Michael",C,Andrew Carnegie Fellow Award,https://openalex.org/A5077574905,authors/A5077574905,Michael Greenstone,"National Bureau of Economic Research, USA",35783,445,author,https://orcid.org/0000-0002-2364-2810,authorships.author.id
0,"He, Zhiguo",C,SFI BEST PAPER AWARD,https://openalex.org/A5050154269,authors/A5050154269,Zhiguo He,"Zhejiang Ocean University, China",2913,224,author,https://orcid.org/0000-0002-0612-9062,authorships.author.id
0,"Malmendier, Ulrike",C,Fischer Black Prize,https://openalex.org/A5051751338,authors/A5051751338,Ulrike Malmendier,"National Bureau of Economic Research, USA",24402,191,author,https://orcid.org/0000-0002-2786-4365,authorships.author.id
0,"Gennaioli, Nicola",C,ERC,https://openalex.org/A5050249057,authors/A5050249057,Nicola Gennaioli,"Bocconi University, Italy",13337,182,author,,authorships.author.id
6,"Zucman, Gabriel",C,German_Bernacer_Prize,https://openalex.org/A5090091703,authors/A5090091703,Gabriel Zucman,,12056,189,author,,authorships.author.id
0,"Koijen, Ralph S. J.",C,German_Bernacer_Prize,https://openalex.org/A5083877502,authors/A5083877502,Ralph S. J. Koijen,"National Bureau of Economic Research, USA",8403,190,author,,authorships.author.id
4,"Che, Yeon-Koo",C,R._K._Cho_Economics_Prize,https://openalex.org/A5060447177,authors/A5060447177,Yeon‐Koo Che,"Dalian Maritime University, China",8453,205,author,https://orcid.org/0000-0002-8985-2554,authorships.author.id
8,"Bhalotra, Sonia",C,ERC,https://openalex.org/A5108935070,authors/A5108935070,Sonia Bhalotra,"IZA - Institute of Labor Economics, Germany",0,3,author,,authorships.author.id
2,"Sun, Guanglin",T,HCP,https://openalex.org/A5088539082,authors/A5088539082,Guanglin Sun,"Nanjing University of Finance and Economics, China",1955,34,author,,authorships.author.id
0,"Shao, Xuefeng",T,HCP,https://openalex.org/A5090095130,authors/A5090095130,Xuefeng Shao,"Jilin University of Finance and Economics, China",4990,106,author,https://orcid.org/0000-0002-4267-9600,authorships.author.id
1,"Yu, Zhang",T,HCP,https://openalex.org/A5100697310,authors/A5100697310,Zhang Yu,"Beijing Union University, China",11952,343,author,https://orcid.org/0009-0006-7286-7625,authorships.author.id
3,"Philippon, Thomas",C,German_Bernacer_Prize,https://openalex.org/A5109486762,authors/A5109486762,Thomas Philippon,"New York University, USA",8631,152,author,,authorships.author.id
1,"Yang, Lili",T,HCP,https://openalex.org/A5070434985,authors/A5070434985,Lili Yang,"Shanghai Jiao Tong University, China",3708,231,author,https://orcid.org/0000-0002-7070-9723,authorships.author.id
2,"Angrist, Joshua",C,Nobel Prize,https://openalex.org/A5052500610,authors/A5052500610,Philip Oreopoulos,"University of Toronto, Canada",14300,225,author,https://orcid.org/0000-0003-4957-4972,authorships.author.id
0,"Irfan, Muhammad",T,HCP,https://openalex.org/A5008426853,authors/A5008426853,Muhammad Irfan,"European University of Lefke, Turkey",19716,337,author,https://orcid.org/0000-0003-1446-583X,authorships.author.id
9,"Kremer, Michael",C,Nobel Prize,https://openalex.org/A5060020577,authors/A5060020577,Michael Kremer,"University of Chicago, USA",2341,182,author,https://orcid.org/0000-0002-4382-817X,authorships.author.id
2,"Imbens, Guido W.",C,Nobel Prize,https://openalex.org/A5052726702,authors/A5052726702,Guido W. Imbens,"Stanford University, USA",69736,436,author,https://orcid.org/0000-0002-4846-7326,authorships.author.id
3,"Andrews, Isaiah",C,John_Bates_Clark_Medal,https://openalex.org/A5114167505,authors/A5114167505,Isaiah Andrews,"IIT@MIT, USA",2830,90,author,,authorships.author.id
4,"Jackson, Matthew O.",C,John Von Neumann Award,https://openalex.org/A5044618645,authors/A5044618645,Matthew O. Jackson,"Stanford University, USA",35319,436,author,https://orcid.org/0000-0001-9846-4249,authorships.author.id
0,"Yue, Pengpeng",T,HCP,https://openalex.org/A5079950477,authors/A5079950477,Pengpeng Yue,"Beijing Technology and Business University, China",1837,35,author,https://orcid.org/0000-0002-5210-4309,authorships.author.id
0,"Rogerson, Richard",C,R._K._Cho_Economics_Prize,https://openalex.org/A5047967901,authors/A5047967901,Richard Rogerson,"National Bureau of Economic Research, USA",18449,295,author,,authorships.author.id
0,"Lundborg, Petter",C,Assar_Lindbeck_Medal,https://openalex.org/A5078292365,authors/A5078292365,Petter Lundborg,"Lund University, Sweden",4435,143,author,,authorships.author.id
2,"Chetty, Raj",C,John_Bates_Clark_Medal,https://openalex.org/A5051484328,authors/A5051484328,Raj Chetty,"National Bureau of Economic Research, USA",29819,295,author,https://orcid.org/0000-0001-8610-8546,authorships.author.id
0,"Mazzucato, Mariana",C,John Von Neumann Award,https://openalex.org/A5069443386,authors/A5069443386,Mariana Mazzucato,"The London College, UK",12053,237,author,https://orcid.org/0000-0001-9183-5000,authorships.author.id
0,"Hendren, Nathaniel",C,Presidential Early Career Award for Scientists and Engineers,https://openalex.org/A5008884407,authors/A5008884407,Nathaniel Hendren,"National Bureau of Economic Research, USA",14895,671,author,https://orcid.org/0000-0002-6385-6506,authorships.author.id
1,"Athey, Susan",C,John Von Neumann Award,https://openalex.org/A5001211242,authors/A5001211242,Susan Athey,,21393,370,author,https://orcid.org/0000-0001-6934-562X,authorships.author.id
6,"Pedersen, Lasse Heje",C,German_Bernacer_Prize,https://openalex.org/A5022954104,authors/A5022954104,Lasse Heje Pedersen,"Copenhagen Business School, Denmark",33101,216,author,https://orcid.org/0000-0001-7126-5530,authorships.author.id
1,"Inoue, Atsushi",C,Nakahara_Prize,https://openalex.org/A5110282172,authors/A5110282172,Atsushi Inoue,"Vanderbilt University, USA",12465,545,author,,authorships.author.id
0,"Moon, Hyungsik Roger",C,R._K._Cho_Economics_Prize,https://openalex.org/A5053993503,authors/A5053993503,Hyungsik Roger Moon,"University of Southern California, USA",5252,182,author,https://orcid.org/0000-0002-5626-1600,authorships.author.id
0,"Strausz, Roland",C,ERC,https://openalex.org/A5021899039,authors/A5021899039,Roland Strausz,"Humboldt-Universität zu Berlin, Germany",2501,130,author,https://orcid.org/0000-0001-7111-1486,authorships.author.id
4,"He, Guojun",T,HCP,https://openalex.org/A5111562659,authors/A5111562659,Guojun He,"Xuzhou Medical College, China",1320,49,author,https://orcid.org/0009-0006-4802-8098,authorships.author.id
2,"Restrepo, Pascual",C,Nobel Prize major coauthor,https://openalex.org/A5011062401,authors/A5011062401,Pascual Restrepo,"Yale University, USA",18710,106,author,,authorships.author.id
0,"Gentzkow, Matthew",C,John_Bates_Clark_Medal,https://openalex.org/A5008542297,authors/A5008542297,Matthew Gentzkow,"National Bureau of Economic Research, USA",27597,208,author,https://orcid.org/0000-0001-7758-8656,authorships.author.id
0,"Bolton, Patrick",C,ERC,https://openalex.org/A5102899198,authors/A5102899198,Patrick Bolton,"UNSW Sydney, Australia",26297,409,author,https://orcid.org/0000-0002-3401-553X,authorships.author.id
0,"Jiang, Qingzhe",T,HCP,https://openalex.org/A5108661898,authors/A5108661898,Qingzhe Jiang,"University of International Business and Economics, China",3935,89,author,,authorships.author.id
1,"Rust, Roland T.",T,HCP,https://openalex.org/A5037954003,authors/A5037954003,Roland T. Rust,,34880,226,author,https://orcid.org/0000-0003-2433-7719,authorships.author.id
4,"Gali, Jordi",C,ERC,https://openalex.org/A5086849054,authors/A5086849054,Jordi Galimany Masclans,,35,70,author,,authorships.author.id
0,"Lu, Yi",T,HCP,https://openalex.org/A5113836277,authors/A5113836277,Yi Lu,"Hainan General Hospital, China",1079,114,author,https://orcid.org/0000-0003-1642-8442,authorships.author.id
2,"Krishnamurthy, Arvin",C,SFI BEST PAPER AWARD,https://openalex.org/A5101497042,authors/A5101497042,Arvind Krishnamurthy,"Google (United States), USA",31911,507,author,https://orcid.org/0000-0002-9505-9528,authorships.author.id
0,"Hansen, Lars Peter",C,Nobel Prize,https://openalex.org/A5071003992,authors/A5071003992,Lars Peter Hansen,"National Bureau of Economic Research, USA",44990,359,author,https://orcid.org/0000-0003-0035-8558,authorships.author.id
0,"Flammer, Caroline",C,Moskowitz Prize,https://openalex.org/A5062974091,authors/A5062974091,Caroline Flammer,"National Bureau of Economic Research, USA",10411,86,author,https://orcid.org/0000-0001-6295-0915,authorships.author.id
6,"Belanche, Daniel",T,HCP,https://openalex.org/A5020041555,authors/A5020041555,Simon Bell,"Estonian University of Life Sciences, Estonia",6923,281,author,https://orcid.org/0000-0002-0986-3887,authorships.author.id
0,"Hanson, Gordon",C,NBER and SLI fellow,https://openalex.org/A5031353967,authors/A5031353967,Gordon Hanson,"Harvard University, USA",29737,327,author,https://orcid.org/0000-0001-5798-140X,authorships.author.id
1,"Veldkamp, Laura",C,SFI BEST PAPER AWARD,https://openalex.org/A5013719629,authors/A5013719629,Justin Wolfers,"Helen Newberry Joy Hospital, USA",18462,234,author,https://orcid.org/0000-0001-7939-103X,authorships.author.id
0,"Gambardella, Alfonso",C,ERC,https://openalex.org/A5069038720,authors/A5069038720,Alfonso Gambardella,"Bocconi University, Italy",12710,316,author,https://orcid.org/0000-0002-8714-5813,authorships.author.id
3,"Foss, Nicolai J.",T,HCP,https://openalex.org/A5042599675,authors/A5042599675,Nicolai J. Foss,"Hong Kong Polytechnic University, Hong Kong",25024,516,author,https://orcid.org/0000-0003-2049-8347,authorships.author.id
0,"Sautner, Zacharias",T,HCP,https://openalex.org/A5046526188,authors/A5046526188,Zacharias Sautner,"University of Zurich, Switzerland",9853,103,author,https://orcid.org/0000-0002-0780-6571,authorships.author.id
0,"Kuchler, Theresa",C,Moskowitz Prize,https://openalex.org/A5006578976,authors/A5006578976,Theresa Kuchler,"New York University, USA",4777,97,author,https://orcid.org/0000-0001-8542-4993,authorships.author.id
0,"Mukoyama, Toshihiko",C,Nakahara_Prize,https://openalex.org/A5022573826,authors/A5022573826,Toshihiko Mukoyama,"Georgetown University, USA",1975,98,author,,authorships.author.id
1,"Moll, Benjamin",C,German_Bernacer_Prize,https://openalex.org/A5032528341,authors/A5032528341,Benjamin Moll,"London School of Economics and Political Science, UK",6331,85,author,,authorships.author.id
1,"Moll, Benjamin",C,ERC,https://openalex.org/A5032528341,authors/A5032528341,Benjamin Moll,"London School of Economics and Political Science, UK",6331,85,author,,authorships.author.id
1,"Burke, Marshall",C,bet paper awards,https://openalex.org/A5042407637,authors/A5042407637,Marshall Burke,"Stanford University, USA",27393,308,author,https://orcid.org/0000-0003-4288-5858,authorships.author.id
3,"Reis, Ricardo",C,German_Bernacer_Prize,https://openalex.org/A5006318958,authors/A5006318958,Ricardo Reis,"National Bureau of Economic Research, USA",10737,249,author,https://orcid.org/0000-0003-4844-9483,authorships.author.id
5,"Zhang, Weike",T,HCP,https://openalex.org/A5101610022,authors/A5101610022,Weike Zhang,"Nanyang Technological University, Singapore",1233,76,author,https://orcid.org/0000-0001-8402-0102,authorships.author.id
9,"Huang, Ming-Hui",T,HCP,https://openalex.org/A5067763065,authors/A5067763065,Ming‐Hui Huang,,11051,149,author,https://orcid.org/0000-0001-8954-3172,authorships.author.id
2,"Mohsin, Muhammad",T,HCP,https://openalex.org/A5032315594,authors/A5032315594,Muhammad Mohsin,"National Institute for Biotechnology and Genetic Engineering, Pakistan",1938,108,author,https://orcid.org/0000-0001-7101-6323,authorships.author.id
0,"Kostova, Tatiana",T,HCP,https://openalex.org/A5061656331,authors/A5061656331,Tatiana Kostova,,22296,71,author,,authorships.author.id
4,"Obstfeld, Maurice",C,John Von Neumann Award,https://openalex.org/A5018047996,authors/A5018047996,Maurice Obstfeld,"National Bureau of Economic Research, USA",31464,440,author,https://orcid.org/0000-0003-2746-8538,authorships.author.id
1,"Bansal, Pratima",T,HCP,https://openalex.org/A5046485145,authors/A5046485145,Pratima Bansal,"Western University, Canada",23118,142,author,https://orcid.org/0000-0002-7899-9622,authorships.author.id
4,"Allcott, Hunt",C,Atkinson Award,https://openalex.org/A5086150821,authors/A5086150821,David Knoke,"University of Minnesota, USA",18603,435,author,,authorships.author.id
0,"Nanda, Ramana",C,ERC,https://openalex.org/A5050841292,authors/A5050841292,Ramana Nanda,"Harvard University, USA",6456,172,author,https://orcid.org/0000-0001-7920-7730,authorships.author.id
3,"Gaechter, Simon",C,ERC,https://openalex.org/A5109907907,authors/A5109907907,Simon Gächter,,36677,198,author,,authorships.author.id
4,"Eeckhout, Jan",C,ERC,https://openalex.org/A5043222365,authors/A5043222365,Jan Eeckhout,"Institució Catalana de Recerca i Estudis Avançats, Spain",5749,119,author,https://orcid.org/0000-0001-6509-4296,authorships.author.id
0,"Yogo, Motohiro",C,SFI BEST PAPER AWARD,https://openalex.org/A5048794076,authors/A5048794076,Motohiro Yogo,"National Bureau of Economic Research, USA",9868,138,author,https://orcid.org/0000-0001-8778-778X,authorships.author.id
1,"Kunz, Werner H.",T,HCP,https://openalex.org/A5053767623,authors/A5053767623,Werner H. Kunz,"Boston University, USA",7606,139,author,https://orcid.org/0000-0001-6264-183X,authorships.author.id
3,"Nakamura, Emi",C,John_Bates_Clark_Medal,https://openalex.org/A5055718351,authors/A5055718351,Emi Nakamura,"Juntendo University, Japan",8349,181,author,https://orcid.org/0000-0003-1926-2118,authorships.author.id
3,"Greenwood, Robin",C,SFI BEST PAPER AWARD,https://openalex.org/A5110548704,authors/A5110548704,Robin Greenwood,"Boston University, USA",9382,145,author,,authorships.author.id
3,"Blanchard, Olivier",C,John Von Neumann Award,https://openalex.org/A5022245853,authors/A5022245853,Olivier Blanchard,,1344,35,author,https://orcid.org/0000-0002-6876-6382,authorships.author.id
2,"Maggiori, Matteo",C,German_Bernacer_Prize,https://openalex.org/A5065807417,authors/A5065807417,Matteo Maggiori,,5340,241,author,,authorships.author.id
0,"Rodrik, DanI",C,John Von Neumann Award,https://openalex.org/A5113832316,authors/A5113832316,Dani Rodrik,"National Bureau of Economic Research, USA",67580,540,author,,authorships.author.id
2,"Yang, Xiaodong",T,HCP,https://openalex.org/A5100755418,authors/A5100755418,Xiaodong Yang,"Shihezi University, China",4272,331,author,https://orcid.org/0000-0002-4701-1204,authorships.author.id
2,"Murphy, Kevin M.",C,John Von Neumann Award,https://openalex.org/A5103962165,authors/A5103962165,Kevin M. Murphy,"Mercy University Hospital, Ireland",792,15,author,,authorships.author.id
1,"Mikalef, Patrick",T,HCP,https://openalex.org/A5076679564,authors/A5076679564,Patrick Mikalef,"Norwegian University of Science and Technology, Norway",15639,190,author,https://orcid.org/0000-0002-6788-2277,authorships.author.id
0,"Kojima, Fuhito",C,Nakahara_Prize,https://openalex.org/A5072023922,authors/A5072023922,Fuhito Kojima,"Japan University of Economics, Japan",3792,113,author,https://orcid.org/0000-0002-1154-2652,authorships.author.id
3,"Fuchs-Schuendeln, Nicola",C,Gossen_Prize,https://openalex.org/A5059233879,authors/A5059233879,Nicola Fuchs-Schuendeln,,38,13,author,,authorships.author.id
5,"Dubois, Pierre",C,ERC,https://openalex.org/A5047599158,authors/A5047599158,Pierre Dubois,"Toulouse School of Economics, France",2837,351,author,https://orcid.org/0000-0002-9077-6843,authorships.author.id
1,"Hsiang, Solomon",C,Andrew Carnegie Fellow Award,https://openalex.org/A5056371388,authors/A5056371388,Solomon Hsiang,"Stanford University, USA",18861,241,author,https://orcid.org/0000-0002-2074-0829,authorships.author.id
1,"Harstad, Bard",C,ERC,https://openalex.org/A5112601992,authors/A5112601992,Bård Harstad,"Stanford University, USA",1879,99,author,,authorships.author.id
9,"Ren, Siyu",T,HCP,https://openalex.org/A5007862675,authors/A5007862675,Siyu Ren,"Jiangsu Normal University, China",880,30,author,,authorships.author.id
4,"Deaton, Angus",C,Nobel Prize,https://openalex.org/A5036192906,authors/A5036192906,Angus Deaton,,66951,664,author,https://orcid.org/0000-0002-9222-8023,authorships.author.id
8,"Li, Zhenghui",T,HCP,https://openalex.org/A5100696694,authors/A5100696694,Zhenghui Li,"China Geological Survey, China",307,36,author,https://orcid.org/0000-0002-7864-5947,authorships.author.id
0,"Spiliotis, Evangelos",T,HCP,https://openalex.org/A5015832946,authors/A5015832946,Evangelos Spiliotis,"National Technical University of Athens, Greece",5118,102,author,https://orcid.org/0000-0002-1854-1206,authorships.author.id
0,"Makridakis, Spyros",T,HCP,https://openalex.org/A5022353147,authors/A5022353147,Spyros Makridakis,"University of Nicosia, Cyprus",20378,208,author,https://orcid.org/0000-0003-2519-8095,authorships.author.id
1,"Nambisan, Satish",T,HCP,https://openalex.org/A5044791619,authors/A5044791619,Keld Laursen,"Copenhagen Business School, Denmark",16286,147,author,https://orcid.org/0000-0002-2763-3989,authorships.author.id
4,"Tenreyro, Silvana",C,ERC,https://openalex.org/A5110809939,authors/A5110809939,Francesco Caselli,"University of Essex, UK",9552,130,author,,authorships.author.id
0,"Gawer, Annabelle",T,HCP,https://openalex.org/A5034801924,authors/A5034801924,Annabelle Gawer,"University of Surrey, UK",14708,107,author,https://orcid.org/0000-0001-9919-9088,authorships.author.id
0,"Kwok, Chuck C. Y.",C,Moskowitz Prize,https://openalex.org/A5054813318,authors/A5054813318,Chuck C.Y. Kwok,"University of South Carolina, USA",10301,111,author,https://orcid.org/0000-0003-1886-5478,authorships.author.id
1,"Smith, Wendy K.",T,HCP,https://openalex.org/A5110746760,authors/A5110746760,Wendy K. Smith,"University of Delaware, USA",16767,120,author,https://orcid.org/0000-0002-6019-7699,authorships.author.id
7,"Shiller, Robert J.",C,Nobel Prize,https://openalex.org/A5099376013,authors/A5099376013,Robert J. Shiller,,0,2,author,,authorships.author.id
0,"Goldin, Claudia",C,Nobel Prize,https://openalex.org/A5000387389,authors/A5000387389,Claudia Goldin,"Dartmouth College, USA",27546,384,author,https://orcid.org/0000-0003-3842-1604,authorships.author.id
1,"Deschenes, Olivier",T,HCP,https://openalex.org/A5080582136,authors/A5080582136,Olivier Deschênes,"National Bureau of Economic Research, USA",10137,139,author,https://orcid.org/0000-0002-8737-0068,authorships.author.id
0,"Doepke, Matthias",C,ERC,https://openalex.org/A5075247079,authors/A5075247079,Matthias Doepke,"National Bureau of Economic Research, USA",9258,232,author,https://orcid.org/0000-0001-8073-6138,authorships.author.id
1,"Starks, Laura T.",C,Swedish Skandia Award and Moskowitz Prize,https://openalex.org/A5081692376,authors/A5081692376,Laura T. Starks,,31784,175,author,https://orcid.org/0000-0001-9388-069X,authorships.author.id
0,"Berg, Tobias",C,ERC,https://openalex.org/A5074576628,authors/A5074576628,Tobias Berg,"Goethe University Frankfurt, Germany",3055,136,author,https://orcid.org/0000-0003-2006-6616,authorships.author.id
0,"Morse, Adair",C,Moskowitz Prize,https://openalex.org/A5013391291,authors/A5013391291,Adair Morse,"National Bureau of Economic Research, USA",8197,97,author,,authorships.author.id
1,"Fama, Eugene F.",C,Nobel Prize,https://openalex.org/A5068490503,authors/A5068490503,Michael C. Jensen,"University of Michigan–Ann Arbor, USA",200181,345,author,https://orcid.org/0000-0001-9084-1361,authorships.author.id
1,"Dogan, Eyup",T,HCP,https://openalex.org/A5063329602,authors/A5063329602,Eyüp Doğan,"University of Sharjah, United Arab Emirates",14226,104,author,,authorships.author.id
1,"Pastor, Lubos",C,Moskowitz Prize,https://openalex.org/A5078912696,authors/A5078912696,Ľuboš Pástor,"Center for Economic and Policy Research, USA",26695,149,author,https://orcid.org/0000-0002-7946-8057,authorships.author.id
0,"Calvano, Emilio",C,ERC,https://openalex.org/A5030092162,authors/A5030092162,Emilio Calvano,"Einaudi Institute for Economics and Finance, Italy",1622,44,author,https://orcid.org/0000-0001-5899-6742,authorships.author.id
1,"Marquis, Christopher",C,Several book and paper awards,https://openalex.org/A5018951614,authors/A5018951614,Christopher Marquis,"University of Cambridge, UK",6567,205,author,https://orcid.org/0000-0003-0926-0565,authorships.author.id
0,"Itskhoki, Oleg",C,John_Bates_Clark_Medal,https://openalex.org/A5088518091,authors/A5088518091,Oleg Itskhoki,"Harvard University, USA",5540,123,author,https://orcid.org/0000-0002-5669-0771,authorships.author.id
0,"Venkateswaran, Venky",C,SFI BEST PAPER AWARD,https://openalex.org/A5011891408,authors/A5011891408,Venky Venkateswaran,"The Stern Cardiovascular Foundation, USA",1798,67,author,https://orcid.org/0000-0003-1378-8987,authorships.author.id
8,"Martin, Alberto",C,ERC,https://openalex.org/A5047570390,authors/A5047570390,Alberto Martinetti,"University of Twente, Netherlands",624,86,author,https://orcid.org/0000-0002-9633-1431,authorships.author.id
2,"Casalo, Luis, V",T,HCP,https://openalex.org/A5039082874,authors/A5039082874,Luis V. Casaló,"Universidad de Zaragoza, Spain",13126,147,author,https://orcid.org/0000-0002-9643-2814,authorships.author.id
0,"Sussman, Abigail B.",C,Moskowitz Prize,https://openalex.org/A5027438856,authors/A5027438856,Abigail B. Sussman,"University of Chicago, USA",3231,95,author,https://orcid.org/0000-0002-5333-558X,authorships.author.id
3,"Bauer, Rob",C,Moskowitz Prize,https://openalex.org/A5051441410,authors/A5051441410,Dariusz Wójcik,"National University of Singapore, Singapore",5801,278,author,https://orcid.org/0000-0003-2158-284X,authorships.author.id
1,"Ljungqvist, Alexander",C,ERC,https://openalex.org/A5084233777,authors/A5084233777,Alexander Ljungqvist,"Stockholm School of Economics, Sweden",16457,160,author,https://orcid.org/0000-0002-6823-7771,authorships.author.id
1,"Razzaq, Asif",T,HCP,https://openalex.org/A5108775223,authors/A5108775223,Asif Razzaq,"Urumqi Vocational University, China",12617,127,author,,authorships.author.id
4,"Kline, Patrick",C,Sherwin Rosen Prize,https://openalex.org/A5035282458,authors/A5035282458,Patrick Kline,"Berkeley College, USA",12107,121,author,,authorships.author.id
0,"Le Barbanchon, Thomas",C,ERC,https://openalex.org/A5032219554,authors/A5032219554,Thomas Le Barbanchon,,1110,117,author,https://orcid.org/0000-0001-5329-0214,authorships.author.id
0,"Sadiq, Muhammad",T,HCP,https://openalex.org/A5024449095,authors/A5024449095,Muhammad Sadiq,"Fuzhou University, China",5992,94,author,https://orcid.org/0000-0002-6859-818X,authorships.author.id
0,"Levin, Jonathan",C,John_Bates_Clark_Medal,https://openalex.org/A5069334537,authors/A5069334537,Jonathan Levin,,9602,170,author,https://orcid.org/0000-0002-0975-7195,authorships.author.id
0,"Foucault, Thierry",C,ERC,https://openalex.org/A5109167594,authors/A5109167594,Thierry Foucault,"HEC Paris in Qatar, Qatar",5438,149,author,,authorships.author.id
0,"Biais, Bruno",C,ERC,https://openalex.org/A5006723379,authors/A5006723379,Bruno Biais,"HEC Paris, France",9338,188,author,,authorships.author.id
1,"Dagar, Vishal",T,HCP,https://openalex.org/A5042457507,authors/A5042457507,Vishal Dagar,"Management Development Institute, India",6697,89,author,https://orcid.org/0000-0001-5032-1783,authorships.author.id
0,"Gabaix, Xavier",C,Fischer Black Prize,https://openalex.org/A5069579613,authors/A5069579613,Xavier Gabaix,"National Bureau of Economic Research, USA",28389,202,author,,authorships.author.id
0,"Kasahara, Hiroyuki",C,Nakahara_Prize,https://openalex.org/A5062503131,authors/A5062503131,Hiroyuki Kasahara,"Niigata University, Japan",9010,172,author,https://orcid.org/0000-0001-9413-6117,authorships.author.id
6,"Burgess, Robin",C,ERC,https://openalex.org/A5037028831,authors/A5037028831,Robin Burgess‐Limerick,,3913,232,author,https://orcid.org/0000-0002-4474-9801,authorships.author.id
0,"Hartzmark, Samuel M.",C,Moskowitz Prize,https://openalex.org/A5061802063,authors/A5061802063,Samuel M. Hartzmark,"Boston College, USA",3378,45,author,,authorships.author.id
0,"Karabarbounis, Loukas",C,German_Bernacer_Prize,https://openalex.org/A5069670842,authors/A5069670842,Loukas Karabarbounis,"University of Minnesota System, USA",5189,80,author,,authorships.author.id
8,"Dorn, David",C,Gossen_Prize,https://openalex.org/A5054945129,authors/A5054945129,David Dornbos,"University of Kentucky, USA",3101,172,author,https://orcid.org/0000-0002-0039-0016,authorships.author.id
0,"Dimson, Elroy",C,Moskowitz Prize,https://openalex.org/A5074071848,authors/A5074071848,Elroy Dimson,"University of Cambridge, UK",8938,146,author,https://orcid.org/0000-0003-3776-7988,authorships.author.id
0,"Mitman, Kurt",C,ERC,https://openalex.org/A5087954992,authors/A5087954992,Kurt Mitman,"Economic Policy Institute, USA",2803,85,author,https://orcid.org/0000-0003-3631-1073,authorships.author.id
3,"Sufi, Amir",C,Fischer Black Prize,https://openalex.org/A5042474653,authors/A5042474653,Philip E. Strahan,"Boston College, USA",24267,213,author,https://orcid.org/0000-0001-8634-6659,authorships.author.id
9,"Robin, Jean-Marc",C,ERC,https://openalex.org/A5076299639,authors/A5076299639,Jean‐Marc Robin,"Territoires, France",4941,240,author,https://orcid.org/0000-0002-3574-9359,authorships.author.id
0,"Childe, Stephen J.",T,HCP,https://openalex.org/A5052327280,authors/A5052327280,Stephen J. Childe,"University of Plymouth, UK",15567,129,author,https://orcid.org/0000-0002-9476-4209,authorships.author.id
1,"Zhao, Shikuan",T,HCP,https://openalex.org/A5109119108,authors/A5109119108,Shengfeng Zhao,"China Pharmaceutical University, China",794,99,author,https://orcid.org/0000-0002-3414-9087,authorships.author.id
0,"Cantoni, Davide",C,Gossen_Prize,https://openalex.org/A5061039550,authors/A5061039550,Davide Cantoni,"Ludwig-Maximilians-Universität München, Germany",2169,114,author,https://orcid.org/0000-0002-2654-3519,authorships.author.id
3,"Khan, Zeeshan",T,HCP,https://openalex.org/A5047850522,authors/A5047850522,Zeeshan Khan,"NetApp (United States), USA",23,15,author,,authorships.author.id
0,"Stambaugh, Robert F.",C,Fama–DFA Prize,https://openalex.org/A5023702151,authors/A5023702151,Robert F. Stambaugh,"University of Pennsylvania, USA",33445,149,author,,authorships.author.id
1,"Moxnes, Andreas",C,ERC,https://openalex.org/A5087528377,authors/A5087528377,Andreas Moxnes,"National Bureau of Economic Research, USA",2309,106,author,,authorships.author.id
4,"Yang, Cunyi",T,HCP,https://openalex.org/A5078637517,authors/A5078637517,Yong Tan,"University of Bradford, UK",4269,210,author,https://orcid.org/0000-0002-3482-1574,authorships.author.id
4,"Liu, Xiaoqian",T,HCP,https://openalex.org/A5100683619,authors/A5100683619,Xiaoqian Liu,"Ningbo University, China",3357,236,author,https://orcid.org/0009-0006-1919-6519,authorships.author.id
1,"Manova, Kalina",C,ERC,https://openalex.org/A5113264418,authors/A5113264418,Kalina Manova,"University College London, UK",6784,85,author,,authorships.author.id
0,"Barber, Brad M.",C,Moskowitz Prize,https://openalex.org/A5080437782,authors/A5080437782,Brad M. Barber,,38655,135,author,,authorships.author.id
4,"Chaney, Thomas",C,ERC,https://openalex.org/A5020537470,authors/A5020537470,Philip Sauré,,828,180,author,https://orcid.org/0000-0002-9923-2965,authorships.author.id
0,"Tertilt, Michele",C,Gossen_Prize,https://openalex.org/A5042157664,authors/A5042157664,Michèle Tertilt,"University of Mannheim, Germany",7553,114,author,https://orcid.org/0000-0003-0605-4141,authorships.author.id
8,"Roth, Alvin E.",C,Nobel Prize,https://openalex.org/A5075977298,authors/A5075977298,Alvin E. Roth,"Stanford University, USA",41688,468,author,https://orcid.org/0000-0002-8834-6481,authorships.author.id
0,"Vayanos, Dimitri",C,SFI BEST PAPER AWARD,https://openalex.org/A5000113430,authors/A5000113430,Dimitri Vayanos,"Center for Economic and Policy Research, USA",9485,125,author,https://orcid.org/0000-0002-0944-4914,authorships.author.id
0,"Jiang, Hao",C,SFI BEST PAPER AWARD,https://openalex.org/A5053349677,authors/A5053349677,Hao Jiang,"Beijing Institute of Technology, China",5194,381,author,https://orcid.org/0000-0002-3355-0063,authorships.author.id
4,"Asher, Sam",C,ERC,https://openalex.org/A5001234997,authors/A5001234997,Sam Asher,"Imperial College London, UK",1440,184,author,https://orcid.org/0000-0002-2584-8011,authorships.author.id
0,"Taylor, Lucian A.",C,Moskowitz Prize,https://openalex.org/A5112890565,authors/A5112890565,Lucian A. Taylor,"University of Pennsylvania, USA",6108,47,author,,authorships.author.id
3,"Muir, Tyler",C,Fischer Black Prize,https://openalex.org/A5079166372,authors/A5079166372,Tobias Adrian,"International Monetary Fund, USA",13692,269,author,https://orcid.org/0000-0001-9379-9592,authorships.author.id
0,"Svensson, Jakob",C,ERC,https://openalex.org/A5041015513,authors/A5041015513,Jakob Svensson,"Central University of Haryana, India",18965,347,author,https://orcid.org/0000-0002-5097-6218,authorships.author.id
0,"Haddad, Valentin",C,SFI BEST PAPER AWARD,https://openalex.org/A5010670396,authors/A5010670396,Valentin Haddad,"Anderson University - South Carolina, USA",1441,53,author,,authorships.author.id
0,"Bouvard, Matthieu",C,SFI BEST PAPER AWARD,https://openalex.org/A5069404997,authors/A5069404997,Matthieu Bouvard,"Toulouse School of Economics, France",804,35,author,,authorships.author.id
0,"Farboodi, Maryan",C,SFI BEST PAPER AWARD,https://openalex.org/A5075384062,authors/A5075384062,Maryam Farboodi,"National Bureau of Economic Research, USA",1925,66,author,https://orcid.org/0000-0001-7066-5268,authorships.author.id
0,"Krueger, Philipp",T,HCP,https://openalex.org/A5112866317,authors/A5112866317,Philipp Krueger,"Swiss Finance Institute, Switzerland",5405,40,author,,authorships.author.id
0,"Hombert, Johan",C,ERC,https://openalex.org/A5089604953,authors/A5089604953,Johan Hombert,"HEC Paris, France",1526,63,author,,authorships.author.id
1,"Rabin, Matthew",C,John Von Neumann Award,https://openalex.org/A5112459695,authors/A5112459695,Matthew Rabin,"Harvard University Press, USA",36275,160,author,,authorships.author.id
2,"Hjort, Jonas",C,ERC,https://openalex.org/A5022127778,authors/A5022127778,Jonas Hjort,"Statistics Norway, Norway",1846,59,author,https://orcid.org/0009-0005-9466-3925,authorships.author.id
0,"Hossain, Mohammad Razib",T,HCP,https://openalex.org/A5047582566,authors/A5047582566,Mohammad Razib Hossain,"The University of Adelaide, Australia",3050,55,author,https://orcid.org/0000-0001-8448-1291,authorships.author.id
0,"Mishra, Dev R.",C,Moskowitz Prize,https://openalex.org/A5032334749,authors/A5032334749,Dev R. Mishra,"University of Saskatchewan, Canada",6128,71,author,https://orcid.org/0000-0003-2178-6818,authorships.author.id
0,"Sundaresan, Suresh",C,SFI BEST PAPER AWARD,https://openalex.org/A5083714704,authors/A5083714704,Suresh Sundaresan,"Columbia University, USA",6415,125,author,https://orcid.org/0000-0003-0227-0509,authorships.author.id
2,"Kondor, Peter",C,SFI BEST PAPER AWARD,https://openalex.org/A5005619956,authors/A5005619956,Péter Kondor,"Central European University, Austria",1061,58,author,,authorships.author.id
1,"Ioannou, Ioannis",T,HCP,https://openalex.org/A5031570888,authors/A5031570888,Ioannis Ioannou,,4122,204,author,https://orcid.org/0000-0002-8004-4913,authorships.author.id
1,"Hart, Oliver",C,Nobel Prize,https://openalex.org/A5010150198,authors/A5010150198,Oliver Hart,"University of Colorado Boulder, USA",59249,313,author,https://orcid.org/0000-0002-5391-7483,authorships.author.id
0,"Schmalz, Martin C.",C,ERC,https://openalex.org/A5088570401,authors/A5088570401,Martin C. Schmalz,"Center for Economic and Policy Research, USA",3502,103,author,https://orcid.org/0000-0002-8094-9456,authorships.author.id
1,"Minor, Dylan",C,Moskowitz Prize,https://openalex.org/A5023658727,authors/A5023658727,Dylan Minor,"Anderson University - South Carolina, USA",2545,61,author,,authorships.author.id
1,"Koren, Miklos",C,ERC,https://openalex.org/A5066597415,authors/A5066597415,Miklós Koren,"University of Ljubljana, Slovenia",2785,90,author,https://orcid.org/0000-0003-4495-7560,authorships.author.id
2,"Klingler, Sven",C,SFI BEST PAPER AWARD,https://openalex.org/A5067818890,authors/A5067818890,Angelo Ranaldo,,3597,143,author,https://orcid.org/0000-0002-8785-816X,authorships.author.id
0,"Loualiche, Erik",C,SFI BEST PAPER AWARD,https://openalex.org/A5033873901,authors/A5033873901,Erik Loualiche,"University of Minnesota, USA",463,31,author,https://orcid.org/0000-0002-2907-341X,authorships.author.id
1,"Guerrieri, Veronica",C,German_Bernacer_Prize,https://openalex.org/A5021180688,authors/A5021180688,Veronica Guerrieri,"University of Chicago, USA",4545,74,author,,authorships.author.id
0,"Nekoei, Arash",C,ERC,https://openalex.org/A5057259115,authors/A5057259115,Arash Nekoei,"Stockholm University, Sweden",573,32,author,,authorships.author.id
0,"Gormsen, Niels",C,Moskowitz Prize,https://openalex.org/A5057300372,authors/A5057300372,Niels Joachim Gormsen,"University of Chicago, USA",1458,49,author,https://orcid.org/0009-0001-7859-5812,authorships.author.id
0,"Thaler, Richard H.",C,John Von Neumann Award,https://openalex.org/A5081252843,authors/A5081252843,Richard H. Thaler,"University of Chicago, USA",110466,274,author,https://orcid.org/0000-0001-7550-2855,authorships.author.id
5,"Hong, Bryan",C,Moskowitz Prize,https://openalex.org/A5004601906,authors/A5004601906,Bryan K. Hong,,698,35,author,https://orcid.org/0000-0002-0018-0262,authorships.author.id
1,"Vissing-Jorgensen, Annette",C,SFI BEST PAPER AWARD,https://openalex.org/A5053979330,authors/A5053979330,Tobias J. Moskowitz,"National Bureau of Economic Research, USA",18213,120,author,,authorships.author.id
6,"Johnson, Simon",C,Nobel Prize,https://openalex.org/A5024560440,authors/A5024560440,Simon Johnson,,20,6,author,,authorships.author.id
0,"Puga, Diego",C,ERC,https://openalex.org/A5016166651,authors/A5016166651,Diego Puga,"Pontificia Universidad Católica de Chile, Chile",13130,101,author,https://orcid.org/0000-0003-2640-1534,authorships.author.id
0,"Casamatta, Catherine",C,SFI BEST PAPER AWARD,https://openalex.org/A5108073127,authors/A5108073127,Catherine Casamatta,"Toulouse School of Economics, France",1544,36,author,,authorships.author.id
1,"Sims, Christopher A.",C,Nobel Prize,https://openalex.org/A5003198220,authors/A5003198220,Christopher A. Sims,"Princeton University, USA",44952,264,author,,authorships.author.id
2,"Holmstrom, Bengt",C,Nobel Prize,https://openalex.org/A5003462830,authors/A5003462830,Bengt Holmström,"Massachusetts Institute of Technology, USA",43345,107,author,,authorships.author.id
