source_name,era_journal_name,works_count,density,top_field,top_subfield
International Journal of Academic Research in Business and Social Sciences,International Journal of Academic Research in Business and Social Sciences,14578,0.332,Social Sciences,Education
Industrial and Labor Relations Review,Industrial and Labor Relations Review,14495,0.176,Social Sciences,Public Administration
Revue économique,Revue Economique,11393,0.351,Social Sciences,Urban Studies
Jahrbücher für Nationalökonomie und Statistik,Jahrbucher fur Nationalokonomie und Statistik,9062,0.337,Social Sciences,Political Science and International Relations
Transportation research procedia,Transportation Research Procedia,7980,0.0,Social Sciences,Transportation
Journal of Economic Behavior & Organization,Journal of Economic Behavior and Organization,7482,0.167,Social Sciences,Safety Research
Tourism Management,"Tourism Management: research, policies, practice",6385,0.096,Social Sciences,Sociology and Political Science
Relations industrielles,Industrial Relations,6326,0.0,Social Sciences,Public Administration
Sociologie du Travail,Sociologie du Travail,5798,0.0,Social Sciences,Sociology and Political Science
Games and Economic Behavior,Games and Economic Behavior,4192,0.347,Decision Sciences,Management Science and Operations Research
Agricultural Economics,Agricultural Economics,4053,0.359,Agricultural and Biological Sciences,General Agricultural and Biological Sciences
Transportation Research Part E Logistics and Transportation Review,Transportation Research Part E: Logistics and Transportation Review,3998,0.182,Social Sciences,Transportation
Revista de Administração de Empresas,RAE-Revista de Administracao de Empresas,3731,0.169,Decision Sciences,Information Systems and Management
L Actualité économique,Actualite Economique,3628,0.321,Social Sciences,Sociology and Political Science
Information Technology Journal,Information Technology Journal,3605,0.0,Computer Science,Computer Networks and Communications
Journal of Agricultural Economics,Journal of Agricultural Economics,3368,0.304,Agricultural and Biological Sciences,General Agricultural and Biological Sciences
British Journal of Healthcare Management,British Journal of Health Care Management,3336,0.217,Health Professions,General Health Professions
Journal of Occupational Health,Journal of Occupational Health,3327,0.0,Health Professions,General Health Professions
Economics of Education Review,Economics of Education Review,3278,0.176,Social Sciences,Education
Problemas del Desarrollo Revista Latinoamericana de Economía,Problemas del Desarrollo: revista latinoamericana de economia,3172,0.292,"Economics, Econometrics and Finance","General Economics, Econometrics and Finance"
Papeles de economía española/Papeles de economía española,Papeles de Economia Espanola,3164,0.15,Environmental Science,"Management, Monitoring, Policy and Law"
Nationaløkonomisk tidsskrift,Nationalokonomisk Tidsskrift,3107,0.156,Social Sciences,Political Science and International Relations
Journal of Management in Engineering,Journal of Management in Engineering,2900,0.069,Decision Sciences,Management Science and Operations Research
Disasters,"Disasters: the journal of disaster studies, policy and management",2799,0.0,Social Sciences,Sociology and Political Science
Transportation,Transportation,2546,0.095,Social Sciences,Transportation
Industrial Relations A Journal of Economy and Society,Industrial Relations: a journal of economy and society,2428,0.222,Social Sciences,Public Administration
Revue d’études comparatives Est-Ouest,Revue d'Etudes Comparatives Est-Ouest: economies et techniques de planification - droit et sciences sociales,2402,0.155,Social Sciences,Political Science and International Relations
Industrial Relations Journal,Industrial Relations Journal,2354,0.0,Social Sciences,Public Administration
Journal of the Eastern Asia Society for transportation studies/Journal of the Eastern Asia Society for Transportation Studies,Journal of the Eastern Asia Society for Transportation Studies,2210,0.0,Social Sciences,Transportation
Agrekon,"Agrekon: Agricultural Economics Research, Policy and Practice in Southern Africa",2144,0.124,Agricultural and Biological Sciences,General Agricultural and Biological Sciences
Tourism Economics,Tourism Economics: the business and finance of tourism and recreation,2071,0.235,Social Sciences,Sociology and Political Science
International Journal of Tourism Research,International Journal of Tourism Research,2037,0.087,Social Sciences,Sociology and Political Science
Journal of Leisure Research,Journal of Leisure Research,2005,0.085,Psychology,Social Psychology
Employee Relations,Employee Relations,2002,0.242,Social Sciences,Public Administration
Journal of Travel & Tourism Marketing,Journal of Travel and Tourism Marketing,1934,0.354,Social Sciences,Sociology and Political Science
Problems of Economic Transition,Problems of Economic Transition: a journal of translations from Russian,1869,0.102,Social Sciences,Political Science and International Relations
Leisure Sciences,Leisure Sciences,1843,0.084,Psychology,Social Psychology
Monthly labor review,US Bureau of Labor Statistics: Monthly Labor Review,1802,0.23,Health Professions,General Health Professions
Journal of Family and Economic Issues,Journal of Family and Economic Issues,1733,0.213,Social Sciences,Gender Studies
Research in Transportation Economics,Research in Transportation Economics,1728,0.142,Social Sciences,Transportation
Desarrollo Económico,Desarrollo Economico: revista de ciencias sociales,1720,0.245,"Economics, Econometrics and Finance","General Economics, Econometrics and Finance"
The Journal of Socio-Economics,Journal of Behavioral and Experimental Economics,1700,0.334,Social Sciences,Safety Research
Asia Pacific Journal of Tourism Research,Asia Pacific Journal of Tourism Research,1699,0.228,Social Sciences,Sociology and Political Science
Vezetéstudomány / Budapest Management Review,Budapest Management Review,1656,0.156,Social Sciences,"Geography, Planning and Development"
Transport,Transport,1646,0.0,Social Sciences,Transportation
Case Studies on Transport Policy,Case Studies on Transport Policy,1599,0.0,Social Sciences,Transportation
Téoros Revue de recherche en tourisme,Teoros: revue de recherche en tourisme,1571,0.064,Social Sciences,Sociology and Political Science
Work and Occupations,Work and Occupations: an international sociological journal,1533,0.127,Health Professions,General Health Professions
Journal of Labor Research,Journal of Labor Research,1512,0.315,Social Sciences,Public Administration
Loisir et Société / Society and Leisure,Loisir et Societe,1499,0.0,Social Sciences,Sociology and Political Science
PASOS Revista de Turismo y Patrimonio Cultural,Pasos,1491,0.0,Social Sciences,Sociology and Political Science
Journal of Sport Management,Journal of Sport Management,1490,0.216,Social Sciences,Sociology and Political Science
Anatolia,Anatolia: an international journal of tourism and hospitality research,1477,0.111,Social Sciences,Sociology and Political Science
Economics & Human Biology,Economics and Human Biology,1456,0.0,Social Sciences,Health
Journal of Transportation Systems Engineering and Information Technology,Journal of Transportation Systems Engineering and Information Technology,1450,0.0,Social Sciences,Transportation
Estudios Turísticos,Estudios Turisticos,1439,0.0,Social Sciences,Cultural Studies
GeoJournal of Tourism and Geosites,GeoJournal of Tourism and Geosites,1428,0.0,Social Sciences,Sociology and Political Science
International Labour Review,International Labour Review,1427,0.154,Health Professions,General Health Professions
International Journal of Global Energy Issues,International Journal of Global Energy Issues,1419,0.21,Energy,General Energy
Cross-cultural communication,Cross-Cultural Communication,1359,0.0,Arts and Humanities,Language and Linguistics
Tourism Analysis,Tourism Analysis,1347,0.1,Social Sciences,Sociology and Political Science
The American Sociologist,The American Sociologist,1326,0.062,Social Sciences,Sociology and Political Science
Performance Improvement Quarterly,Performance Improvement Quarterly,1306,0.3,Psychology,Applied Psychology
Research in Transportation Business & Management,Research in Transportation Business and Management,1300,0.0,Engineering,Industrial and Manufacturing Engineering
Journal of Behavioral and Experimental Economics,Journal of Behavioral and Experimental Economics,1299,0.099,Social Sciences,Safety Research
Journal of Park and Recreation Administration,Journal of Park and Recreation Administration,1297,0.186,Psychology,Social Psychology
IATSS Research,IATSS Research,1291,0.0,Engineering,"Safety, Risk, Reliability and Quality"
The Tourist Review,Tourism Review,1282,0.085,Social Sciences,Sociology and Political Science
Business Communication Quarterly,Business Communication Quarterly,1252,0.32,"Business, Management and Accounting",Management of Technology and Innovation
Administrative Theory & Praxis,Administrative Theory and Praxis: a quarterly journal of dialogue in public administration theory,1226,0.245,Social Sciences,Public Administration
Journal of Cultural Economics,Journal of Cultural Economics,1223,0.225,Social Sciences,Urban Studies
World Leisure Journal,World Leisure Journal,1219,0.0,Psychology,Social Psychology
Revista Internacional del Trabajo,International Labour Review,1217,0.0,Social Sciences,Safety Research
Tourism Review,Tourism Review,1212,0.094,Social Sciences,Sociology and Political Science
Journal of Occupational Science,Journal of Occupational Science,1203,0.0,Health Professions,Occupational Therapy
Journal of African Economies,Journal of African Economies,1185,0.36,Social Sciences,Safety Research
Journal Of Vacation Marketing,Journal of Vacation Marketing,1170,0.278,Social Sciences,Sociology and Political Science
WorkingUSA,Working USA: the journal of labor and society,1160,0.0,Social Sciences,Public Administration
Event Management,Event Management: an international journal,1158,0.0,Social Sciences,Sociology and Political Science
Western Journal of Communication,Western Journal of Communication,1154,0.0,Arts and Humanities,Philosophy
System Dynamics Review,System Dynamics Review,1140,0.0,Decision Sciences,Management Science and Operations Research
Energy Sources Part B Economics Planning and Policy,"Energy Sources Part B: Economics, Planning, and Policy",1137,0.394,"Economics, Econometrics and Finance",Economics and Econometrics
Info,"Info: the journal of policy, regulation and strategy for telecommunications, information and media",1128,0.361,Engineering,Media Technology
Education Economics,Education Economics,1119,0.233,Social Sciences,Education
Journal of Contemporary Issues in Business and Government,Journal of Contemporary Issues in Business and Government,1118,0.363,Dentistry,General Dentistry
Worldwide Hospitality and Tourism Themes,Worldwide Hospitality and Tourism Themes,1097,0.123,Social Sciences,Sociology and Political Science
International Journal of Networking and Virtual Organisations,International Journal of Networking and Virtual Organisations,1096,0.393,Computer Science,Information Systems
Socio-Economic Review,Socio-Economic Review,1080,0.258,Social Sciences,Political Science and International Relations
Experimental Economics,Experimental Economics,1049,0.0,Social Sciences,Safety Research
Tourism and Hospitality Research,Tourism and Hospitality Research: the Surrey quarterly review,1048,0.241,Social Sciences,Sociology and Political Science
Sport Marketing Quarterly,Sport Marketing Quarterly,1038,0.325,Social Sciences,Gender Studies
Keiei Shigaku (Japan Business History Review),Japan Business History Review,1035,0.123,Social Sciences,Cultural Studies
Employee Responsibilities and Rights Journal,Employee Responsibilities and Rights Journal,1006,0.279,Social Sciences,Public Administration
International Journal of Sports Marketing and Sponsorship,International Journal of Sports Marketing and Sponsorship,1006,0.357,Social Sciences,Gender Studies
International Journal of Public Sector Performance Management,International Journal of Public Sector Performance Management,999,0.319,Decision Sciences,Information Systems and Management
Sport Management Review,Sport Management Review,995,0.198,Social Sciences,Sociology and Political Science
Annals of Leisure Research,Annals of leisure research,991,0.0,Psychology,Social Psychology
International Journal of Energy Sector Management,International Journal of Energy Sector Management,989,0.378,"Economics, Econometrics and Finance",Economics and Econometrics
British Actuarial Journal,British Actuarial Journal,989,0.343,Social Sciences,Demography
Revue internationale du Travail,International Labour Review,924,0.121,Health Professions,General Health Professions
Review of Economics of the Household,Review of Economics of the Household,910,0.144,Social Sciences,Gender Studies
European Sport Management Quarterly,European Sport Management Quarterly,902,0.235,Social Sciences,Sociology and Political Science
New Technology Work and Employment,"New Technology, Work and Employment",900,0.0,Social Sciences,Sociology and Political Science
International Journal of Training and Development,International Journal of Training and Development,893,0.324,Psychology,Applied Psychology
The Journal of Internet Banking and Commerce,Journal of Internet Banking and Commerce,878,0.313,Decision Sciences,Information Systems and Management
Journal of Destination Marketing & Management,Journal of Destination Marketing and Management,868,0.144,Social Sciences,Sociology and Political Science
German Journal of Agricultural Economics,German Journal of Agricultural Economics,857,0.089,Agricultural and Biological Sciences,General Agricultural and Biological Sciences
Consumption Markets & Culture,"Consumption, Markets and Culture",856,0.305,"Business, Management and Accounting",Marketing
Journal of Intelligent Transportation Systems,"Journal of Intelligent Transportation Systems: technology, planning, and operations",854,0.0,Social Sciences,Transportation
International Journal of Shipping and Transport Logistics,International Journal of Shipping and Transport Logistics,834,0.216,Engineering,Industrial and Manufacturing Engineering
International Journal of Asian Social Science,International Journal of Asian Social Science,815,0.391,"Business, Management and Accounting",Accounting
American Economic Journal Microeconomics,American Economic Journal: Microeconomics,814,0.284,Social Sciences,Safety Research
Journal of Outdoor Recreation and Tourism,Journal of Outdoor Recreation and Tourism,811,0.114,Psychology,Social Psychology
Natural Gas Industry B,Natural Gas Industry B,808,0.0,Engineering,Mechanics of Materials
American Economic Journal Applied Economics,American Economic Journal: Applied Economics,792,0.346,Social Sciences,Gender Studies
Leisure/Loisir,Leisure,781,0.0,Psychology,Social Psychology
Reflets et perspectives de la vie économique,Reflets et Perspectives de la Vie Economique,765,0.33,Social Sciences,Urban Studies
Journal of Tourism and Cultural Change,Journal of Tourism and Cultural Change,764,0.0,Social Sciences,Sociology and Political Science
Team Performance Management,Team Performance Management,762,0.332,Psychology,Social Psychology
International Journal of Internet Marketing and Advertising,International Journal of Internet Marketing and Advertising,756,0.222,Social Sciences,Sociology and Political Science
LOGOS,Logos: Brand Management,753,0.0,Social Sciences,Sociology and Political Science
European Journal of Tourism Research,European Journal of Tourism Research,750,0.087,Social Sciences,Sociology and Political Science
European Transport Research Review,European Transport Research Review,741,0.0,Social Sciences,Transportation
The Foundation Review,Foundation Review,738,0.227,Decision Sciences,Management Science and Operations Research
Noise and Health,Noise and Health,734,0.0,Health Professions,Speech and Hearing
Orion/ORiON,ORiON,732,0.144,Physics and Astronomy,Astronomy and Astrophysics
Africa Development,Africa Development,727,0.0,Social Sciences,Anthropology
China Agricultural Economic Review,China Agricultural Economic Review,714,0.21,Agricultural and Biological Sciences,General Agricultural and Biological Sciences
Forensic Science International Synergy,Forensic Science International: Synergy,699,0.0,"Biochemistry, Genetics and Molecular Biology",Genetics
Scandinavian Journal of Hospitality and Tourism,Scandinavian Journal of Hospitality and Tourism,697,0.0,Social Sciences,Sociology and Political Science
Journal of Facilities Management,Journal of Facilities Management,695,0.0,Psychology,Social Psychology
Journal of Sport & Tourism,Journal of Sport and Tourism,694,0.0,Social Sciences,Sociology and Political Science
European journal of transport and infrastructure research,European Journal of Transport and Infrastructure Research,691,0.0,Social Sciences,Transportation
International Journal of Sport Management and Marketing,International Journal of Sports Management and Marketing,689,0.28,Social Sciences,Gender Studies
Theoretical Economics,Theoretical Economics,677,0.373,Decision Sciences,Management Science and Operations Research
International Journal of Electronic Business,International Journal of Electronic Business,668,0.294,Decision Sciences,Information Systems and Management
The Bulletin of the Association for Business Communication,Business Communication Quarterly,661,0.344,"Business, Management and Accounting",Management of Technology and Innovation
Tourism Planning & Development,Tourism Planning and Development,660,0.0,Social Sciences,Sociology and Political Science
International Journal of Innovation Management and Technology,"International Journal of Innovation, Management and Technology",656,0.175,Decision Sciences,Information Systems and Management
International Journal of Risk Assessment and Management,International Journal of Risk Assessment and Management,652,0.144,Decision Sciences,"Statistics, Probability and Uncertainty"
International Journal of Electronic Marketing and Retailing,International Journal of Electronic Marketing and Retailing,645,0.358,Decision Sciences,Information Systems and Management
Journal of China Tourism Research,Journal of China Tourism Research,640,0.225,Social Sciences,Sociology and Political Science
Review of Economic Design,Review of Economic Design,607,0.377,Decision Sciences,Management Science and Operations Research
Cuadernos de Turismo,Cuadernos de Turismo,606,0.0,Social Sciences,Sociology and Political Science
International Journal of Cross Cultural Management,International Journal of Cross Cultural Management,605,0.159,Social Sciences,Communication
Journal of Corporate Real Estate,Journal of Corporate Real Estate,594,0.189,Psychology,Social Psychology
Managing Sport and Leisure,Managing Sport and Leisure,591,0.141,Social Sciences,Sociology and Political Science
International Journal of Technology Marketing,International Journal of Technology Marketing,586,0.333,Social Sciences,Sociology and Political Science
International Journal of Tourism Policy,International Journal of Tourism Policy,580,0.0,Social Sciences,Sociology and Political Science
Journal of Ecotourism,Journal of Ecotourism,580,0.0,Social Sciences,Sociology and Political Science
Economics Management and Financial Markets,"Economics, Management, and Financial Markets",576,0.153,Decision Sciences,Management Science and Operations Research
OR Insight,OR Insight,562,0.281,Decision Sciences,Management Science and Operations Research
International Journal of Culture Tourism and Hospitality Research,"International Journal of Culture, Tourism and Hospitality Research",554,0.32,Social Sciences,Sociology and Political Science
Tourism Review International,Tourism Review International: an international journal,552,0.0,Social Sciences,Sociology and Political Science
Journal of Electronic Commerce in Organizations,Journal of Electronic Commerce in Organizations: the international journal of electronic commerce in modern organizations,527,0.324,Decision Sciences,Information Systems and Management
Managing Leisure,Managing Leisure,522,0.084,Social Sciences,Sociology and Political Science
Cross Cultural Management An International Journal,Cross Cultural Management: an international journal,519,0.306,Social Sciences,Communication
Journal of Tourism History,Journal of Tourism History,519,0.0,Arts and Humanities,History
Integrated Manufacturing Systems,Journal of Manufacturing Technology Management,511,0.365,Engineering,Industrial and Manufacturing Engineering
New Zealand Journal of Industrial Relations,New Zealand Journal of Employment Relations,505,0.0,Social Sciences,Public Administration
International journal on food system dynamics,International Journal on Food System Dynamics,500,0.297,Agricultural and Biological Sciences,Plant Science
International journal of evidence based coaching and mentoring,International Journal of Evidence Based Coaching and Mentoring,495,0.0,Psychology,Applied Psychology
International Journal of E-Business Research,International Journal of E-Business Research,494,0.329,Decision Sciences,Information Systems and Management
Journal of Bioeconomics,Journal of Bioeconomics,492,0.308,Social Sciences,Sociology and Political Science
Journal of Tourism Futures,Journal of Tourism Futures,485,0.0,Social Sciences,Sociology and Political Science
International Journal of Workplace Health Management,International Journal of Workplace Health Management,481,0.225,Health Professions,General Health Professions
Tourism,Tourism,481,0.0,Social Sciences,Sociology and Political Science
Sport Business and Management An International Journal,"Sport, Business and Management: An International Journal",470,0.377,Social Sciences,Sociology and Political Science
The journal of biblical integration in business.,Journal of Biblical Integration in Business,468,0.183,Social Sciences,Sociology and Political Science
Tourism and Hospitality,Tourism and Hospitality,460,0.082,Social Sciences,Sociology and Political Science
Journal of Convention & Event Tourism,Journal of Convention and Event Tourism,453,0.0,Social Sciences,Sociology and Political Science
Historical Studies in Industrial Relations,Historical Studies in Industrial Relations,445,0.0,Social Sciences,Public Administration
Progress in Disaster Science,Progress in Disaster Science,443,0.0,Social Sciences,Sociology and Political Science
Turismo - Visão e Ação,Turismo: visao e acao,436,0.0,Decision Sciences,Information Systems and Management
Australasian parks and leisure,Australasian Parks and Leisure,434,0.0,Psychology,Social Psychology
The Asian Journal of Shipping and Logistics,Asian Journal of Shipping and Logistics,433,0.25,Engineering,Industrial and Manufacturing Engineering
Journal of the Transportation Research Forum,Journal of the Transportation Research Forum,428,0.396,Social Sciences,Transportation
International Journal of Advanced Corporate Learning (iJAC),International Journal of Advanced Corporate Learning,423,0.0,Social Sciences,Education
International Journal of Transport Development and Integration,International Journal of Transport Development and Integration,413,0.0,Social Sciences,Transportation
International Journal of Applied Systemic Studies,International Journal of Applied Systemic Studies,407,0.392,Decision Sciences,Management Science and Operations Research
International Journal of Event and Festival Management,International Journal of Event and Festival Management,398,0.05,Social Sciences,Sociology and Political Science
International Journal of Product Lifecycle Management,International Journal of Product Lifecycle Management,395,0.326,Engineering,Industrial and Manufacturing Engineering
Journal of Interactive Advertising,Journal of Interactive Advertising,387,0.247,Social Sciences,Sociology and Political Science
Gestão org,Revista Eletronica de Gestao Organizacional,381,0.0,Decision Sciences,Information Systems and Management
Transit,Transit,379,0.0,Social Sciences,Political Science and International Relations
Interdisciplinary Journal of Information Knowledge and Management,"Interdisciplinary Journal of Information, Knowledge, and Management",378,0.17,Decision Sciences,Information Systems and Management
Tourism in Marine Environments,Tourism in Marine Environments,377,0.0,Social Sciences,Transportation
Revista Galega de Economía,Revista Galega de Economia,376,0.382,Social Sciences,Political Science and International Relations
International Journal of Information Technology Project Management,International Journal of Information Technology Project Management,373,0.286,Decision Sciences,Management Science and Operations Research
Basic Income Studies,Basic Income Studies: an international journal of basic income research,372,0.148,Social Sciences,Political Science and International Relations
Advertising & Society Review,Advertising and Society Review,354,0.179,Social Sciences,Gender Studies
Advancing Women in Leadership Journal,Advancing Women in Leadership,353,0.0,Social Sciences,Gender Studies
Cuadernos de Relaciones Laborales,Cuadernos de Relaciones Laborales,349,0.0,Social Sciences,Safety Research
World Review of Intermodal Transportation Research,World Review of Intermodal Transportation Research,344,0.261,Engineering,Industrial and Manufacturing Engineering
Work Aging and Retirement,"Work, Aging and Retirement",342,0.101,Social Sciences,Demography
Asean Journal on Hospitality and Tourism,ASEAN Journal on Hospitality and Tourism,336,0.109,Social Sciences,Sociology and Political Science
UNLV Gaming Research & Review Journal,UNLV Gaming Research and Review Journal,336,0.265,Psychology,Clinical Psychology
International Journal of Knowledge and Systems Science,International Journal of Knowledge and Systems Science,335,0.202,Social Sciences,Communication
MOCT-MOST Economic Policy in Transitional Economics,"Economic Change and Restructuring: an international journal devoted to the study of comparative economics, planning and development",333,0.234,Social Sciences,Political Science and International Relations
International Journal of Tourism Sciences,International Journal of Tourism Sciences,330,0.289,Social Sciences,Sociology and Political Science
Gestión Turística,Gestion Turistica,324,0.346,Social Sciences,Development
Journal of Global Mobility The Home of Expatriate Management Research,Journal of Global Mobility: The Home of Expatriate Management Research,318,0.235,Social Sciences,Communication
Economics of Energy and Environmental Policy,Economics of Energy and Environmental Policy,311,0.277,"Economics, Econometrics and Finance",Economics and Econometrics
e-Service Journal,E-Service Journal,310,0.188,Decision Sciences,Information Systems and Management
Acta Turistica,Acta Turistica,304,0.346,Social Sciences,Transportation
Japan labor review,Japan Labor Review,300,0.172,Social Sciences,Public Administration
Ereview of tourism research,E-review of Tourism Research,298,0.081,Social Sciences,Sociology and Political Science
Journal of Demographic Economics,Journal of Demographic Economics,298,0.0,Social Sciences,Gender Studies
Korean Journal of Industrial Relations,Korean Journal of Industrial Relations,286,0.271,Social Sciences,Public Administration
International Journal of Online Marketing,International Journal of Online Marketing,277,0.304,Social Sciences,Sociology and Political Science
Revista Teoría y praxis,Teoria y Praxis,276,0.322,Social Sciences,Development
Journal of applied sport management,Journal of Applied Sport Management,272,0.277,Social Sciences,Gender Studies
Chronique Internationale de l IRES,Chronique Internationale de l'IRES,267,0.0,Social Sciences,Urban Studies
FUZZY ECONOMIC REVIEW,Fuzzy Economic Review: review of the International Association for Fuzzy-set Management and Economy,261,0.0,Decision Sciences,Management Science and Operations Research
KOREAN JOURNAL OF MANAGEMENT ACCOUNTING RESEARCH,Korean Journal of Management Accounting Research,257,0.374,Computer Science,Information Systems
International Journal of Hospitality and Tourism Systems,International Journal of Hospitality and Tourism Systems,253,0.245,Social Sciences,Sociology and Political Science
Engineering Management International,Journal of Engineering and Technology Management,249,0.163,Engineering,Media Technology
International Journal of Decision Sciences Risk and Management,"International Journal of Decision Sciences, Risk and Management",247,0.344,Decision Sciences,"Statistics, Probability and Uncertainty"
New Zealand journal of employment relations,New Zealand Journal of Employment Relations,245,0.0,Social Sciences,Public Administration
Industrielle Beziehungen Zeitschrift für Arbeit Organisation und Management,"Industrielle Beziehungen: Zeitschrift fuer Arbeit, Organisation und Management",237,0.0,Social Sciences,Public Administration
Athens Journal of Tourism,Athens Journal of Tourism,234,0.088,Social Sciences,Sociology and Political Science
Maritime Business Review,Maritime Business Review,232,0.083,Engineering,Industrial and Manufacturing Engineering
Emergence,Emergence: Complexity and Organization,229,0.179,Decision Sciences,Management Science and Operations Research
IBIMA Business Review,IBIMA Business Review,229,0.307,Decision Sciences,Information Systems and Management
Middle East Journal of Business,Middle East Journal of Business,228,0.372,"Business, Management and Accounting",Accounting
SCIENZE REGIONALI,Italian Journal of Regional Science,223,0.322,Environmental Science,"Management, Monitoring, Policy and Law"
Organisational and Social Dynamics,Organisational and Social Dynamics,218,0.376,"Business, Management and Accounting",Organizational Behavior and Human Resource Management
European Transport/Trasporti Europei,European Transport,218,0.0,Social Sciences,Transportation
Journal of Work-Applied Management,Journal of Work-Applied Management,214,0.387,Social Sciences,Education
Journal of maritime research,Journal of Maritime Research,213,0.138,Engineering,Industrial and Manufacturing Engineering
Journal of Shipping and Trade,Journal of Shipping and Trade,209,0.121,Engineering,Industrial and Manufacturing Engineering
International Journal of Leisure and Tourism Marketing,International Journal of Leisure and Tourism Marketing,208,0.319,Social Sciences,Sociology and Political Science
Journal of Media Economics & Culture,Journal of Media Economics and Culture,206,0.211,Social Sciences,Cultural Studies
Journal of the Economic Science Association,Journal of the Economic Science Association,197,0.093,Social Sciences,Safety Research
Annals of Tourism Research Empirical Insights,Annals of Tourism Research Empirical Insights,194,0.0,Social Sciences,Sociology and Political Science
Journal of Self-Governance and Management Economics,Journal of Self-Governance and Management Economics,193,0.178,Decision Sciences,Management Science and Operations Research
Journal of Diversity Management (JDM),Journal of Diversity Management,192,0.279,Social Sciences,Gender Studies
Project Leadership and Society,Project Leadership and Society,186,0.333,Decision Sciences,Management Science and Operations Research
E-Journal of international and comparative labour studies,E-Journal of International and Comparative Labour Studies,181,0.0,Social Sciences,Public Administration
The International Journal of Organizational Diversity,International Journal of Organizational Diversity,180,0.0,Social Sciences,Gender Studies
Economia & diritto agroalimentare,Economia e Diritto Agroalimentare,173,0.35,"Economics, Econometrics and Finance",Economics and Econometrics
The independent review,The Independent Review: a journal of political economy,173,0.377,Social Sciences,Political Science and International Relations
International journal of business and information/International journal of business & information,International Journal of Business and Information,163,0.371,Decision Sciences,Information Systems and Management
Tourism and Hospitality Planning & Development,Tourism Planning and Development,159,0.091,Social Sciences,Sociology and Political Science
Purushartha - A Journal of Management Ethics and Spirituality,Purushartha: A Journal of Management Ethics and Spirituality,158,0.165,Social Sciences,Demography
Arts and the Market,Arts and the Market,150,0.224,Social Sciences,Urban Studies
Journal of Workplace Rights,Journal of Workplace Rights,146,0.0,Social Sciences,Public Administration
La Revue de l'énergie/Revue de l'énergie,Revue de l'Energie,141,0.0,Energy,General Energy
International Journal of Engineering Management and Economics,International Journal of Engineering Management and Economics,133,0.364,Decision Sciences,Management Science and Operations Research
Foresight,Foresight: the international journal of applied forecasting,132,0.256,Decision Sciences,Management Science and Operations Research
European J of Cross-Cultural Competence and Management,European Journal of Cross-Cultural Competence and Management,119,0.365,Social Sciences,Communication
ITS Journal - Intelligent Transportation Systems Journal,"Journal of Intelligent Transportation Systems: technology, planning, and operations",119,0.0,Social Sciences,Transportation
IZA Journal of Labor Economics,IZA Journal of Labor Economics,114,0.394,"Economics, Econometrics and Finance",Economics and Econometrics
International Journal of e-Business Management,International Journal of e-Business Management,106,0.136,Decision Sciences,Information Systems and Management
International Journal of Transportation,International Journal of Transportation,102,0.0,Social Sciences,Transportation
International Journal of Sport Management Recreation & Tourism,"International Journal of Sport Management, Recreation and Tourism",97,0.159,Social Sciences,Sociology and Political Science
Asia-Pacific Journal of Innovation in Hospitality and Tourism (APJIHT),Asia-Pacific Journal of Innovation in Hospitality and Tourism,87,0.253,Social Sciences,Sociology and Political Science
Journal of Convention & Exhibition Management,Journal of Convention and Event Tourism,86,0.126,Social Sciences,Sociology and Political Science
International Journal of Complexity in Leadership and Management,International Journal of Complexity in Leadership and Management,83,0.346,Decision Sciences,Management Science and Operations Research
Business Peace and Sustainable Development,"Business, Peace and Sustainable Development",83,0.395,"Business, Management and Accounting",Business and International Management
Contemporary Wales,Contemporary Wales: an annual review of economic and social research,81,0.0,Arts and Humanities,History
آفاق اقتصادية,Afaq Iqtisadiyyah,80,0.375,Social Sciences,Sociology and Political Science
International Journal of Information Quality,International Journal of Information Quality,74,0.364,Decision Sciences,Management Science and Operations Research
Aero journal/Aero-journal,AEROjournal,73,0.089,Engineering,Control and Systems Engineering
The Journal of Cost Analysis & Management,The Journal of Cost Analysis and Management,58,0.34,Engineering,"Safety, Risk, Reliability and Quality"
Ciclos en la Historia la Economía y la Sociedad,"Ciclos: en la historia, la economia y la sociedad",55,0.268,Social Sciences,Political Science and International Relations
Arts Marketing An International Journal,Arts and the Market,52,0.344,Social Sciences,Urban Studies
Aviation in Focus - Journal of Aeronautical Sciences,Aviation in Focus,41,0.278,Engineering,Aerospace Engineering
Agbioforum,AgBioForum,24,0.111,Agricultural and Biological Sciences,Plant Science
Information Technology in Hospitality,Information Technology in Hospitality,23,0.222,Social Sciences,Sociology and Political Science
Gaming research & review journal,UNLV Gaming Research and Review Journal,23,0.13,Psychology,Clinical Psychology
The Journal of Scientific Practice and Integrity,The Journal of Scientific Practice and Integrity,22,0.0,Medicine,"Public Health, Environmental and Occupational Health"
Journal of the Statistical and Social Inquiry Society of Ireland,Journal of the Statistical and Social Inquiry Society of Ireland,22,0.0,Health Professions,General Health Professions
Marketing Management Journal,Marketing Management Journal,14,0.333,Social Sciences,Sociology and Political Science
Advances in Theoretical Economics,The BE Journal in Theoretical Economics,12,0.368,Decision Sciences,Management Science and Operations Research
Perspectives on work,Perspectives on Work,5,0.2,Psychology,Applied Psychology
New Zealand Journal of Applied Business Research,New Zealand Journal of Applied Business Research,4,0.2,Social Sciences,Gender Studies
Journal of Applied Corporate Finance,Journal of Applied Corporate Finance,3,0.333,Engineering,Aerospace Engineering
Kyoto economic review,The Kyoto Economic Review,2,0.25,"Economics, Econometrics and Finance",Economics and Econometrics
Journal - Scottish Labour History Society,Scottish Labour History,1,0.0,Arts and Humanities,History and Philosophy of Science
E-Journal of social & behavioural research in business,e-Journal of Social and Behavioural Research in Business,1,0.0,Health Professions,General Health Professions
Économies et sociétés,Economies et Societes,1,0.0,Social Sciences,Education
Russian & East European finance and trade,Emerging Markets Finance and Trade,1,0.0,Physics and Astronomy,"Atomic and Molecular Physics, and Optics"
