,Name,Group,Class,id,short_id,display_name,hint,cited_by_count,works_count,external_id
3,"Gupta, Rangan",T,HCP,https://openalex.org/A5015669404,authors/A5015669404,Rangan Gupta,"University of Pretoria, South Africa",29959.0,1571.0,
0,"Lee, Chien-Chiang",T,HCP,https://openalex.org/A5048052041,authors/A5048052041,Chien‐Chiang Lee,"Nanchang University, China",37456.0,618.0,https://orcid.org/0000-0003-0037-4347
0,"Bouri, Elie",T,HCP,https://openalex.org/A5071230295,authors/A5071230295,Elie Bouri,"Holy Spirit University of Kaslik, Lebanon",26454.0,466.0,https://orcid.org/0000-0003-2628-5027
1,"Tiwari, Aviral Kumar",T,HCP,https://openalex.org/A5062136150,authors/A5062136150,Aviral Kumar Tiwari,"Magadh University, India",22981.0,712.0,https://orcid.org/0000-0002-1822-9263
1,Xuan Vinh Vo,T,HCP,https://openalex.org/A5001100407,authors/A5001100407,Xuan Vinh Vo,University of Economics and Law,15891.0,383.0,https://orcid.org/0000-0002-3868-8176
1,"Kong, Dongmin",T,HCP,https://openalex.org/A5056520084,authors/A5056520084,Dongmin Kong,"Huazhong University of Science and Technology, China",6464.0,247.0,https://orcid.org/0000-0001-5981-0452
0,"Kraus, Sascha",T,HCP,https://openalex.org/A5055158022,authors/A5055158022,Sascha Kraus,"University of Siegen, Germany",40227.0,586.0,https://orcid.org/0000-0003-4886-7482
0,"Goodell, John W.",T,HCP,https://openalex.org/A5025970919,authors/A5025970919,John W. Goodell,"University of Akron, USA",11590.0,300.0,https://orcid.org/0000-0003-4126-9244
0,"Lin, Boqiang",T,HCP,https://openalex.org/A5003679114,authors/A5003679114,Boqiang Lin,"Xiamen University, China",53690.0,991.0,https://orcid.org/0000-0002-1308-400X
0,"Lucey, Brian M.",C,ERC,https://openalex.org/A5010285399,authors/A5010285399,Brian M. Lucey,"Trinity College Dublin, Ireland",28383.0,696.0,https://orcid.org/0000-0002-4052-8235
0,"Hammoudeh, Shawkat",T,HCP,https://openalex.org/A5038883380,authors/A5038883380,Shawkat Hammoudeh,"University of Economics Ho Chi Minh City, Viet Nam",20867.0,427.0,https://orcid.org/0000-0002-5455-5453
1,"Ji, Qiang",T,HCP,https://openalex.org/A5083070771,authors/A5083070771,Qiang Ji,"Zigong First People's Hospital, China",21788.0,367.0,https://orcid.org/0000-0002-3502-5254
2,"Ma, Feng",T,HCP,https://openalex.org/A5024131822,authors/A5024131822,Feng Ma,"Academy of Medical Sciences, UK",7529.0,159.0,https://orcid.org/0000-0002-2975-0118
2,"Shahbaz, Muhammad",T,HCP,https://openalex.org/A5052033177,authors/A5052033177,Muhammad Shahbaz,,59273.0,863.0,https://orcid.org/0000-0003-4916-7648
2,"Kang, Sang Hoon",T,HCP,https://openalex.org/A5101545219,authors/A5101545219,Sang Hoon Kang,"University of South Australia, Australia",8511.0,239.0,https://orcid.org/0000-0002-1236-136X
0,"Smyth, Russell",T,HCP,https://openalex.org/A5087969968,authors/A5087969968,Russell Smyth,"Monash University, Australia",24693.0,802.0,https://orcid.org/0000-0001-6593-5462
0,"Uddin, Gazi Salah",T,HCP,https://openalex.org/A5019480291,authors/A5019480291,Gazi Salah Uddin,"Linköping University, Sweden",10985.0,370.0,https://orcid.org/0000-0002-5744-0192
0,"Corbet, Shaen",T,HCP,https://openalex.org/A5019834648,authors/A5019834648,Shaen Corbet,"Dublin City University, Ireland",12384.0,405.0,https://orcid.org/0000-0001-7430-7417
0,"Managi, Shunsuke",T,HCP,https://openalex.org/A5035555297,authors/A5035555297,Shunsuke Managi,"University of Bonn, Germany",22064.0,1020.0,https://orcid.org/0000-0001-7883-1427
0,"Apergis, Nicholas",T,HCP,https://openalex.org/A5108034146,authors/A5108034146,Nicholas Apergis,"University of Piraeus, Greece",26214.0,584.0,https://orcid.org/0000-0002-7433-2871
0,"Audretsch, David B.",T,HCP,https://openalex.org/A5078117070,authors/A5078117070,David B. Audretsch,"Indiana University Bloomington, USA",75282.0,1043.0,https://orcid.org/0000-0002-3815-7762
3,"Chang, Chun-Ping",T,HCP,https://openalex.org/A5053491075,authors/A5053491075,Chun‐Ping Chang,"Shih Chien University, Taiwan, Province of China",13654.0,328.0,https://orcid.org/0000-0003-1782-4551
0,"Shahzad, Syed Jawad Hussain",T,HCP,https://openalex.org/A5021804779,authors/A5021804779,Syed Jawad Hussain Shahzad,"Montpellier Business School, France",16352.0,303.0,https://orcid.org/0000-0003-3511-6057
0,"Vrontis, Demetris",T,HCP,https://openalex.org/A5040844824,authors/A5040844824,Demetris Vrontis,"University of Nicosia, Cyprus",20986.0,767.0,https://orcid.org/0000-0001-7570-6241
0,"Wang, Shouyang",T,HCP,https://openalex.org/A5078558986,authors/A5078558986,Shouyang Wang,"Chinese Academy of Social Sciences, China",39541.0,1341.0,https://orcid.org/0000-0001-5773-998X
0,"Umar, Muhammad",T,HCP,https://openalex.org/A5100756987,authors/A5100756987,Muhammad Umar,"Lebanese American University, Lebanon",19122.0,272.0,https://orcid.org/0000-0001-5773-5954
0,"Mensi, Walid",T,HCP,https://openalex.org/A5021863807,authors/A5021863807,Walid Mensi,"University of Economics Ho Chi Minh City, Viet Nam",11443.0,236.0,https://orcid.org/0000-0003-2126-0787
0,"Parida, Vinit",T,HCP,https://openalex.org/A5090362709,authors/A5090362709,Vinit Parida,"Luleå University of Technology, Sweden",22460.0,331.0,https://orcid.org/0000-0003-3255-414X
0,"Wen, Fenghua",T,HCP,https://openalex.org/A5010789733,authors/A5010789733,Fenghua Wen,"Central South University, China",8576.0,214.0,https://orcid.org/0000-0003-2991-3981
0,"Umar, Zaghum",T,HCP,https://openalex.org/A5021559309,authors/A5021559309,Zaghum Umar,"Zayed University, United Arab Emirates",6601.0,160.0,
0,"De Massis, Alfredo",T,HCP,https://openalex.org/A5062289104,authors/A5062289104,Alfredo De Massis,"Zhejiang International Studies University, China",19380.0,485.0,https://orcid.org/0000-0001-5552-6497
0,"Guedhami, Omrane",T,HCP,https://openalex.org/A5043790847,authors/A5043790847,Omrane Guedhami,"University of South Carolina, USA",19375.0,308.0,https://orcid.org/0000-0002-3945-8313
0,"Sensoy, Ahmet",T,HCP,https://openalex.org/A5090267717,authors/A5090267717,Ahmet Şensoy,,7899.0,195.0,
0,"Guedhami, Omrane",C,Moskowitz Prize,https://openalex.org/A5043790847,authors/A5043790847,Omrane Guedhami,"University of South Carolina, USA",19375.0,308.0,https://orcid.org/0000-0002-3945-8313
0,"Dong, Kangyin",T,HCP,https://openalex.org/A5033003201,authors/A5033003201,Kangyin Dong,"Johns Hopkins University, USA",18874.0,280.0,https://orcid.org/0000-0002-5776-1498
0,"Dwivedi, Yogesh K.",T,HCP,https://openalex.org/A5048622877,authors/A5048622877,Yogesh K. Dwivedi,"King Fahd University of Petroleum and Minerals, Saudi Arabia",86890.0,944.0,https://orcid.org/0000-0002-5547-9990
3,"Kumar, Satish",T,HCP,https://openalex.org/A5100777365,authors/A5100777365,Satish Kumar,"University of Lisbon, Portugal",34585.0,396.0,https://orcid.org/0000-0001-5200-1476
0,"Paul, Justin",T,HCP,https://openalex.org/A5078843987,authors/A5078843987,Justin Paul,"Corvinus University of Budapest, Hungary",31747.0,292.0,https://orcid.org/0000-0001-5062-8371
0,"Taghizadeh-Hesary, Farhad",T,HCP,https://openalex.org/A5086567248,authors/A5086567248,Farhad Taghizadeh–Hesary,"Tokai University, Japan",19718.0,567.0,https://orcid.org/0000-0001-5446-7093
2,"Gozgor, Giray",T,HCP,https://openalex.org/A5015669404,authors/A5015669404,Rangan Gupta,"University of Pretoria, South Africa",29959.0,1571.0,
1,"Wincent, Joakim",T,HCP,https://openalex.org/A5019143179,authors/A5019143179,Joakim Wincent,"University of St. Gallen, Switzerland",12738.0,250.0,https://orcid.org/0000-0002-8770-8874
0,"Roubaud, David",T,HCP,https://openalex.org/A5050337531,authors/A5050337531,David Roubaud,"Institute of Management Technology, India",23256.0,230.0,https://orcid.org/0000-0003-3827-6187
0,"Grewal, Dhruv",T,HCP,https://openalex.org/A5076693618,authors/A5076693618,Dhruv Grewal,"Boston University, USA",59952.0,357.0,https://orcid.org/0000-0002-7046-6063
0,"Naeem, Muhammad Abubakr",T,HCP,https://openalex.org/A5039331964,authors/A5039331964,Muhammad Abubakr Naeem,,11568.0,255.0,https://orcid.org/0000-0001-6962-3175
0,"El Ghoul, Sadok",C,Moskowitz Prize,https://openalex.org/A5091466387,authors/A5091466387,Sadok El Ghoul,"Dalhousie University, Canada",14815.0,251.0,https://orcid.org/0000-0002-9405-6114
4,"Song, Malin",T,HCP,https://openalex.org/A5054746075,authors/A5054746075,Malin Song,"Anhui University of Finance and Economics, China",16830.0,319.0,
0,"Yousaf, Imran",T,HCP,https://openalex.org/A5087544432,authors/A5087544432,Imran Yousaf,"University of Jordan, Jordan",5483.0,153.0,https://orcid.org/0000-0003-1968-293X
0,"Su, Chi-Wei",T,HCP,https://openalex.org/A5079462108,authors/A5079462108,Chi‐Wei Su,"Qingdao University, China",14710.0,439.0,https://orcid.org/0000-0001-9722-8105
0,"Abedin, Mohammad Zoynul",T,HCP,https://openalex.org/A5047331779,authors/A5047331779,Mohammad Zoynul Abedin,"Swansea University, UK",5528.0,258.0,https://orcid.org/0000-0002-4688-0619
0,"Budhwar, Pawan",T,HCP,https://openalex.org/A5055856506,authors/A5055856506,Pawan Budhwar,"Aston University, UK",19251.0,456.0,https://orcid.org/0000-0001-8915-6172
0,"Dabic, Marina",T,HCP,https://openalex.org/A5017353394,authors/A5017353394,Marina Dabić,"University of International Business and Economics, China",12254.0,426.0,https://orcid.org/0000-0001-8374-9719
0,"Lim, Weng Marc",T,HCP,https://openalex.org/A5045594204,authors/A5045594204,Weng Marc Lim,"Jaipuria Institute of Management, India",33525.0,398.0,https://orcid.org/0000-0001-7196-1923
0,"Churchill, Sefa Awaworyi",T,HCP,https://openalex.org/A5053415289,authors/A5053415289,Sefa Awaworyi Churchill,"MIT University, North Macedonia",7073.0,215.0,https://orcid.org/0000-0002-1930-9177
0,"Dhir, Amandeep",T,HCP,https://openalex.org/A5008359350,authors/A5008359350,Amandeep Dhir,"University of Agder, Norway",29920.0,311.0,
3,"Wright, Mike",T,HCP,https://openalex.org/A5102961182,authors/A5102961182,Mike Wright,"King's College London, UK",68533.0,749.0,
0,"Shepherd, Dean A.",C,Several awards,https://openalex.org/A5011084627,authors/A5011084627,Dean A. Shepherd,"University of Notre Dame, USA",55470.0,489.0,https://orcid.org/0000-0003-4269-1826
1,"Lau, Chi Keung",T,HCP,https://openalex.org/A5032606372,authors/A5032606372,Chi-Keung Lau,,175.0,11.0,
3,"Urquhart, Andrew",T,HCP,https://openalex.org/A5087571137,authors/A5087571137,Michael P. Clements,"ICMA Centre, UK",9704.0,236.0,https://orcid.org/0000-0001-6329-1341
1,"Vismara, Silvio",T,HCP,https://openalex.org/A5007113028,authors/A5007113028,Silvio Vismara,"University of Bergamo, Italy",10585.0,290.0,https://orcid.org/0000-0001-5411-0326
4,"Zhang, Dayong",T,HCP,https://openalex.org/A5050809806,authors/A5050809806,Dayong Zhang,"Dalian Ocean University, China",16323.0,277.0,https://orcid.org/0000-0001-8722-176X
6,"Hao, Yu",T,HCP,https://openalex.org/A5039417974,authors/A5039417974,Yu Hao,"Chinese Academy of Sciences, China",2458.0,79.0,https://orcid.org/0000-0002-6119-9397
0,"Shepherd, Dean A.",T,HCP,https://openalex.org/A5011084627,authors/A5011084627,Dean A. Shepherd,"University of Notre Dame, USA",55470.0,489.0,https://orcid.org/0000-0003-4269-1826
4,"Acemoglu, Daron",C,Nobel Prize,https://openalex.org/A5113776429,authors/A5113776429,Elhanan Helpman,"Harvard University Press, USA",58013.0,396.0,
0,"List, John A.",C,R._K._Cho_Economics_Prize,https://openalex.org/A5083530241,authors/A5083530241,John A. List,"University of Chicago, USA",45653.0,887.0,https://orcid.org/0000-0002-1740-3848
0,"Gubareva, Mariya",T,HCP,https://openalex.org/A5036032433,authors/A5036032433,Mariya Gubareva,"University of Lisbon, Portugal",3184.0,114.0,https://orcid.org/0000-0001-6829-7021
0,"Demir, Ender",T,HCP,https://openalex.org/A5078880859,authors/A5078880859,Ender Demir,"Reykjavík University, Iceland",8308.0,199.0,https://orcid.org/0000-0003-4034-269X
1,"Kumar, V.",T,HVP,https://openalex.org/A5102961473,authors/A5102961473,V. Kumar,"MetroHealth, USA",19696.0,163.0,
0,"Karim, Sitara",T,HCP,https://openalex.org/A5035670625,authors/A5035670625,Sitara Karim,"University of Nottingham Malaysia Campus, Malaysia",5560.0,142.0,https://orcid.org/0000-0001-5086-6230
0,"Boubaker, Sabri",T,HCP,https://openalex.org/A5081676508,authors/A5081676508,Sabri Boubaker,"Vietnam National University, Hanoi, Viet Nam",10728.0,360.0,https://orcid.org/0000-0002-6416-2952
0,"Yarovaya, Larisa",T,HCP,https://openalex.org/A5052979321,authors/A5052979321,Larisa Yarovaya,"Anglia Ruskin University, UK",11979.0,163.0,https://orcid.org/0000-0002-9638-2917
6,"Zhang, Dongyang",T,HCP,https://openalex.org/A5082977497,authors/A5082977497,Dongyang Zhang,"Shanghai Ship and Shipping Research Institute, China",6558.0,113.0,https://orcid.org/0000-0002-4053-8476
0,"Aguinis, Herman",T,HCP,https://openalex.org/A5067660877,authors/A5067660877,Herman Aguinis,"George Washington University, USA",39062.0,353.0,https://orcid.org/0000-0002-3485-9484
0,"Mirza, Nawazish",T,HCP,https://openalex.org/A5030355028,authors/A5030355028,Nawazish Mirza,"Excelia Business School, France",8385.0,220.0,https://orcid.org/0000-0003-4265-9519
0,"Bouncken, Ricarda B.",T,HCP,https://openalex.org/A5023850919,authors/A5023850919,Ricarda B. Bouncken,"University of Bayreuth, Germany",10259.0,333.0,https://orcid.org/0000-0003-0510-7491
0,"Ren, Xiaohang",T,HCP,https://openalex.org/A5077214780,authors/A5077214780,Xiaohang Ren,"Central South University, China",9421.0,212.0,https://orcid.org/0000-0002-9097-580X
0,"Del Giudice, Manlio",T,HCP,https://openalex.org/A5046384052,authors/A5046384052,Manlio Del Giudice,"National Research University Higher School of Economics, Russian Federation",15106.0,276.0,https://orcid.org/0000-0002-2389-4495
6,"Yan, Cheng",T,HCP,https://openalex.org/A5100378083,authors/A5100378083,Cheng Yan,"Fudan University, China",22448.0,1124.0,https://orcid.org/0000-0002-4909-439X
0,"Gabauer, David",T,HCP,https://openalex.org/A5079473216,authors/A5079473216,David Gabauer,"Lincoln University - Pennsylvania, USA",8004.0,132.0,https://orcid.org/0000-0003-2465-5741
0,"Hollebeek, Linda D.",T,HCP,https://openalex.org/A5068350949,authors/A5068350949,Linda D. Hollebeek,"Tallinn University of Technology, Estonia",23923.0,176.0,https://orcid.org/0000-0002-1282-0319
0,"Zhou, Kevin Zheng",T,HCP,https://openalex.org/A5110749191,authors/A5110749191,Kevin Zheng Zhou,"University of Hong Kong, Hong Kong",19359.0,184.0,
1,"Su, Bin",T,HCP,https://openalex.org/A5057203555,authors/A5057203555,Bin Su,"Xi'an University of Science and Technology, China",15005.0,292.0,https://orcid.org/0000-0003-4273-7054
0,"Lee, Chi-Chuan",T,HCP,https://openalex.org/A5082666630,authors/A5082666630,Chi‐Chuan Lee,"City University of Macau, Macao",6484.0,107.0,https://orcid.org/0000-0003-0644-1168
0,"Petruzzelli, Antonio Messeni",T,HCP,https://openalex.org/A5025430409,authors/A5025430409,Antonio Messeni Petruzzelli,"Polytechnic University of Bari, Italy",13808.0,234.0,https://orcid.org/0000-0002-6852-5167
0,"Ntim, Collins G.",T,HCP,https://openalex.org/A5043169421,authors/A5043169421,Collins G. Ntim,"King Fahd University of Petroleum and Minerals, Saudi Arabia",12431.0,272.0,https://orcid.org/0000-0002-1042-4056
0,"Gorodnichenko, Yuriy",C,R._K._Cho_Economics_Prize,https://openalex.org/A5017568125,authors/A5017568125,Yuriy Gorodnichenko,"National Bureau of Economic Research, USA",22989.0,641.0,https://orcid.org/0000-0002-3639-4254
3,"Zhang, Bing",T,HCP,https://openalex.org/A5100389664,authors/A5100389664,Bing Zhang,"Kunming University of Science and Technology, China",38914.0,784.0,https://orcid.org/0000-0001-8676-2425
2,"Shao, Shuai",T,HCP,https://openalex.org/A5000043923,authors/A5000043923,Shuai Shao,"Tongji University, China",15329.0,182.0,https://orcid.org/0000-0002-9525-6310
0,"Ritala, Paavo",T,HCP,https://openalex.org/A5047360486,authors/A5047360486,Paavo Ritala,"Luleå University of Technology, Sweden",13618.0,260.0,https://orcid.org/0000-0002-8525-4610
8,"Wu, Haitao",T,HCP,https://openalex.org/A5100757796,authors/A5100757796,Haitao Wu,"Xihua University, China",8000.0,155.0,https://orcid.org/0000-0003-3173-3322
0,"Ribeiro-Soriano, Domingo",T,HCP,https://openalex.org/A5032073164,authors/A5032073164,Domingo Ribeiro Soriano,"Universitat de València, Spain",12640.0,268.0,https://orcid.org/0000-0003-3222-9101
0,"Bresciani, Stefano",T,HCP,https://openalex.org/A5028407190,authors/A5028407190,Stefano Bresciani,"Department of Medical Sciences, Belarus",10556.0,187.0,https://orcid.org/0000-0003-0321-9174
0,"Palmatier, Robert W.",T,HCP,https://openalex.org/A5110487435,authors/A5110487435,Robert W. Palmatier,"University of Washington, USA",18183.0,179.0,
1,"Wirtz, Jochen",T,HCP,https://openalex.org/A5064998398,authors/A5064998398,Jochen Wirtz,"National University of Singapore, Singapore",24356.0,359.0,
0,"Nepal, Rabindra",T,HCP,https://openalex.org/A5089150146,authors/A5089150146,Rabindra Nepal,"University of Wollongong, Australia",5591.0,262.0,https://orcid.org/0000-0001-9378-6206
0,"Frattini, Federico",T,HCP,https://openalex.org/A5044315503,authors/A5044315503,Federico Frattini,"Fondazione Eni Enrico Mattei, Italy",11464.0,246.0,https://orcid.org/0000-0001-5100-3605
6,"Gong, Xu",T,HCP,https://openalex.org/A5060668195,authors/A5060668195,Xu Gong,,4369.0,134.0,https://orcid.org/0000-0002-0862-2766
2,"Dong, Xiucheng",T,HCP,https://openalex.org/A5018715180,authors/A5018715180,Xiucheng Dong,"Dalian Ocean University, China",8948.0,187.0,https://orcid.org/0000-0002-4597-0356
0,"Sunde, Uwe",C,Gossen_Prize,https://openalex.org/A5021689391,authors/A5021689391,Uwe Sunde,"Center for Economic and Policy Research, USA",15337.0,298.0,https://orcid.org/0000-0002-2110-7822
4,"Zhou, Guofu",T,HCP,https://openalex.org/A5064263084,authors/A5064263084,Guofu Zhou,"South China Normal University, China",21335.0,908.0,https://orcid.org/0000-0003-1101-1947
0,"Strack, Philipp",C,John_Bates_Clark_Medal,https://openalex.org/A5020332447,authors/A5020332447,Philipp Strack,"Yale University, USA",1779.0,126.0,https://orcid.org/0000-0002-7960-9243
0,"Ringle, Christian M.",T,HCP,https://openalex.org/A5087109003,authors/A5087109003,Christian M. Ringle,"Universität Hamburg, Germany",189055.0,368.0,https://orcid.org/0000-0002-7027-8804
2,"Fisher, Greg",T,HCP,https://openalex.org/A5101462655,authors/A5101462655,Greg Fisher,"Indiana University Bloomington, USA",5607.0,143.0,https://orcid.org/0000-0001-5773-9947
0,"Aguilera, Ruth V.",T,HCP,https://openalex.org/A5085797169,authors/A5085797169,Ruth V. Aguilera,"Northeastern University, USA",25162.0,264.0,https://orcid.org/0000-0002-1144-1499
0,"Van Nieuwerburgh, Stijn",C,German_Bernacer_Prize,https://openalex.org/A5064406662,authors/A5064406662,Stijn Van Nieuwerburgh,"National Bureau of Economic Research, USA",13498.0,253.0,https://orcid.org/0000-0002-9797-114X
4,"Kaur, Puneet",T,HCP,https://openalex.org/A5008128129,authors/A5008128129,Puneet Kaur,"Guru Nanak Dev University, India",15884.0,204.0,https://orcid.org/0000-0002-8309-8888
0,"Hair, Joseph F.",T,HCP,https://openalex.org/A5021051472,authors/A5021051472,Joseph F. Hair,"University of Alabama, USA",134526.0,289.0,https://orcid.org/0000-0002-9226-9693
5,"Wang, Chih-Wei",T,HCP,https://openalex.org/A5080828847,authors/A5080828847,Chih‐Wei Wang,"National Central University, Taiwan, Province of China",2816.0,119.0,https://orcid.org/0000-0002-6482-6616
0,"Bloom, Nicholas",C,German_Bernacer_Prize,https://openalex.org/A5044421873,authors/A5044421873,Nicholas Bloom,"National Bureau of Economic Research, USA",61031.0,558.0,https://orcid.org/0000-0002-1600-7819
0,"Cifuentes-Faura, Javier",T,HCP,https://openalex.org/A5090021185,authors/A5090021185,Javier Cifuentes‐Faura,"Universidad Politécnica de Cartagena, Spain",5307.0,227.0,https://orcid.org/0000-0001-6763-8525
1,"Qin, Meng",T,HCP,https://openalex.org/A5100739961,authors/A5100739961,Meng Qin,"Collaborative Innovation Center of Advanced Microstructures, China",5098.0,156.0,https://orcid.org/0000-0003-4025-6089
0,"Sun, Chuanwang",T,HCP,https://openalex.org/A5072227383,authors/A5072227383,Chuanwang Sun,"Xiamen University, China",9654.0,190.0,https://orcid.org/0000-0002-1900-4699
1,"Feng, Gen-Fu",T,HCP,https://openalex.org/A5100579718,authors/A5100579718,Gen‐Fu Feng,"Xi'an Jiaotong University, China",3787.0,80.0,
0,"Reboredo, Juan C.",T,HCP,https://openalex.org/A5067885599,authors/A5067885599,Juan C. Reboredo,"Universidade de Santiago de Compostela, Spain",9214.0,115.0,https://orcid.org/0000-0003-3912-9410
1,"Miguel, Edward",C,Frisch Medal ,https://openalex.org/A5077506130,authors/A5077506130,Edward Miguel,"National Bureau of Economic Research, USA",35261.0,2667.0,https://orcid.org/0000-0001-6927-709X
0,"Finkelstein, Amy",C,John_Bates_Clark_Medal,https://openalex.org/A5012244489,authors/A5012244489,Amy Finkelstein,"National Bureau of Economic Research, USA",18132.0,380.0,https://orcid.org/0000-0002-9941-6684
6,"Kelly, Bryan",C,Fama-DFA Prize ,https://openalex.org/A5005696029,authors/A5005696029,Bryan T. Kelly,"Hospital for Special Surgery, USA",18120.0,357.0,https://orcid.org/0000-0003-4913-5427
0,"Aghion, Philippe",C,John Von Neumann Award,https://openalex.org/A5084984675,authors/A5084984675,Philippe Aghion,"INSEAD, United Arab Emirates",77972.0,685.0,https://orcid.org/0000-0002-9019-1677
0,"Coibion, Olivier",T,HCP,https://openalex.org/A5034004951,authors/A5034004951,Olivier Coibion,"The University of Texas at Austin, USA",14017.0,373.0,
0,"Donthu, Naveen",T,HCP,https://openalex.org/A5074473734,authors/A5074473734,Naveen Donthu,"Georgia State University, USA",37805.0,188.0,https://orcid.org/0000-0002-8525-3159
0,"Shin, Hyun Song",C,R._K._Cho_Economics_Prize,https://openalex.org/A5027298282,authors/A5027298282,Hyun Song Shin,"Bank for International Settlements, Switzerland",28205.0,488.0,https://orcid.org/0000-0002-0821-2759
7,"Banerjee, Abhijit",C,Nobel Prize,https://openalex.org/A5015565298,authors/A5015565298,Esther Duflo,"National Bureau of Economic Research, USA",62246.0,1393.0,
0,"Van Reenen, John",C,Arrow Prize,https://openalex.org/A5004443266,authors/A5004443266,John Van Reenen,"Institute for Fiscal Studies, UK",53944.0,674.0,https://orcid.org/0000-0001-9153-2907
0,"Sarstedt, Marko",C,Several paper's awards,https://openalex.org/A5053369574,authors/A5053369574,Marko Sarstedt,"Babeș-Bolyai University, Romania",192693.0,526.0,https://orcid.org/0000-0002-5424-4268
2,"Schularick, Moritz",C,Gossen_Prize,https://openalex.org/A5063748244,authors/A5063748244,Alan M. Taylor,"Center for Economic and Policy Research, USA",17794.0,443.0,https://orcid.org/0000-0003-3273-0844
0,"Besley, Timothy",C,John Von Neumann Award,https://openalex.org/A5110757928,authors/A5110757928,Timothy Besley,"World Bank, USA",26132.0,301.0,
0,"Wen, Huwei",T,HCP,https://openalex.org/A5071205039,authors/A5071205039,Huwei Wen,"Nanchang University, China",4349.0,103.0,https://orcid.org/0000-0002-8422-1593
0,"Shleifer, Andrei",C,John_Bates_Clark_Medal,https://openalex.org/A5110890240,authors/A5110890240,Andrei Shleifer,"National Bureau of Economic Research, USA",229132.0,526.0,
0,"Kannan, P. K.",T,HCP,,,,,,,
0,"Zhang, Ning",T,HCP,https://openalex.org/A5100404886,authors/A5100404886,Ning Zhang,"Changchun University of Science and Technology, China",36466.0,1286.0,https://orcid.org/0000-0002-8781-4925
0,"Pathak, Parag A.",C,John_Bates_Clark_Medal,https://openalex.org/A5019266000,authors/A5019266000,Parag A. Pathak,"Massachusetts Institute of Technology, USA",9990.0,228.0,https://orcid.org/0000-0001-8621-3864
0,"Teece, David J.",T,HCP,https://openalex.org/A5016373986,authors/A5016373986,David J. Teece,"University of California, Berkeley, USA",120499.0,508.0,https://orcid.org/0000-0002-0485-798X
2,"He, Feng",T,HCP,https://openalex.org/A5019341061,authors/A5019341061,Feng He,,3885.0,214.0,https://orcid.org/0000-0001-8122-4767
0,"Saez, Emmanuel",C,John_Bates_Clark_Medal,https://openalex.org/A5017685817,authors/A5017685817,Emmanuel Saez,"University of California, Berkeley, USA",45472.0,482.0,
1,"Feng, Chao",T,HCP,https://openalex.org/A5017413913,authors/A5017413913,Chao Feng,"Jiangnan University, China",2001.0,100.0,https://orcid.org/0000-0003-3259-562X
4,"Tian, Xuan",T,HCP,https://openalex.org/A5004735664,authors/A5004735664,Xuan Tian,"Vietnam National University Ho Chi Minh City, Viet Nam",12938.0,147.0,https://orcid.org/0000-0001-5429-3273
8,"Zhao, Xin",T,HCP,https://openalex.org/A5030254419,authors/A5030254419,Xin Zhao,"Qingdao University, China",10002.0,650.0,https://orcid.org/0000-0001-9798-7865
0,"Card, David",C,Nobel Prize,https://openalex.org/A5090324651,authors/A5090324651,David Card,"National Bureau of Economic Research, USA",58428.0,689.0,https://orcid.org/0000-0001-6914-6698
1,"Chesbrough, Henry",T,HCP,https://openalex.org/A5077965593,authors/A5077965593,Henry Chesbrough,"Berkeley College, USA",49763.0,205.0,https://orcid.org/0000-0002-3121-2394
0,"Flavian, Carlos",T,HCP,https://openalex.org/A5044113079,authors/A5044113079,Carlos Flavián,"Universidad de Zaragoza, Spain",25253.0,293.0,https://orcid.org/0000-0001-7118-9013
0,"Serafeim, George",T,HCP,https://openalex.org/A5006610838,authors/A5006610838,George Serafeim,"Harvard University, USA",25144.0,272.0,https://orcid.org/0000-0002-1528-6473
0,"Kowalkowski, Christian",T,HCP,https://openalex.org/A5001255461,authors/A5001255461,Christian Kowalkowski,"Linköping University, Sweden",9095.0,216.0,https://orcid.org/0000-0002-4081-9737
0,"Rizvi, Syed Kumail Abbas",T,HCP,https://openalex.org/A5087925937,authors/A5087925937,Syed Kumail Abbas Rizvi,"Purdue University West Lafayette, USA",4877.0,79.0,https://orcid.org/0000-0003-1246-0912
0,"Giglio, Stefano",C,Moskowitz Prize,https://openalex.org/A5013077462,authors/A5013077462,Stefano Giglio,"National Bureau of Economic Research, USA",9393.0,144.0,https://orcid.org/0000-0002-7703-2671
0,"Haenlein, Michael",T,HCP,https://openalex.org/A5002909072,authors/A5002909072,Michael Haenlein,"University of Liverpool, UK",38419.0,89.0,https://orcid.org/0000-0001-6175-4947
0,"Wooldridge, Jeffrey M.",T,HCP,https://openalex.org/A5084771969,authors/A5084771969,Jeffrey M. Wooldridge,"Michigan State University, USA",82480.0,230.0,https://orcid.org/0000-0002-1579-6406
0,"Du, Kerui",T,HCP,https://openalex.org/A5033994682,authors/A5033994682,Kerui Du,"Xiamen University, China",7718.0,80.0,https://orcid.org/0000-0001-7388-7018
0,"Autor, David",C,Special Heinz Award,https://openalex.org/A5029839974,authors/A5029839974,David Autor,"National Bureau of Economic Research, USA",64073.0,333.0,
1,"Stroebel, Johannes",C,Fischer Black Prize,https://openalex.org/A5072573663,authors/A5072573663,Johannes Stroebel,"National Bureau of Economic Research, USA",10197.0,175.0,https://orcid.org/0000-0002-3926-2353
0,"Taylor, Alan M.",C,Sanwa Prize in International Economics and Financial Markets,https://openalex.org/A5063748244,authors/A5063748244,Alan M. Taylor,"Center for Economic and Policy Research, USA",17794.0,443.0,https://orcid.org/0000-0003-3273-0844
3,"Rossi, Barbara",C,ERC,https://openalex.org/A5064990198,authors/A5064990198,Barbara Rossi,"University of Verona, Italy",6641.0,109.0,https://orcid.org/0000-0003-4711-1528
0,"Zhao, Jun",T,HCP,https://openalex.org/A5071321132,authors/A5071321132,Jun Zhao,"North China Electric Power University, China",15437.0,494.0,https://orcid.org/0000-0002-3004-7091
0,"Kristoufek, Ladislav",T,HCP,https://openalex.org/A5083821951,authors/A5083821951,Ladislav Krištoufek,"Charles University, Czechia",8364.0,187.0,
3,"Duflo, Esther",C,Nobel Prize,https://openalex.org/A5015565298,authors/A5015565298,Esther Duflo,"National Bureau of Economic Research, USA",62246.0,1393.0,
2,"Robinson, James A.",C,Nobel Prize,https://openalex.org/A5014156593,authors/A5014156593,James A. Robinson,"University of Nigeria, Nigeria",57630.0,433.0,https://orcid.org/0000-0002-8028-0393
0,"Zhang, Bohui",T,HCP,https://openalex.org/A5007132849,authors/A5007132849,Bohui Zhang,"Shanghai University of Electric Power, China",5500.0,200.0,https://orcid.org/0000-0002-5458-6487
0,"Tirole, Jean",C,Nobel Prize,https://openalex.org/A5110429533,authors/A5110429533,Jean Tirole,"National Bureau of Economic Research, USA",93001.0,536.0,
0,"Xiu, Dacheng",C,SFI BEST PAPER AWARD,https://openalex.org/A5050253426,authors/A5050253426,Dacheng Xiu,"National Bureau of Economic Research, USA",7803.0,99.0,https://orcid.org/0000-0002-2250-0861
0,"Greenstone, Michael",C,Andrew Carnegie Fellow Award,https://openalex.org/A5077574905,authors/A5077574905,Michael Greenstone,"National Bureau of Economic Research, USA",35783.0,445.0,https://orcid.org/0000-0002-2364-2810
2,"He, Zhiguo",C,SFI BEST PAPER AWARD,https://openalex.org/A5089595588,authors/A5089595588,Zhiguo He,"National Bureau of Economic Research, USA",11321.0,202.0,https://orcid.org/0009-0003-3762-5119
0,"Malmendier, Ulrike",C,Fischer Black Prize,https://openalex.org/A5051751338,authors/A5051751338,Ulrike Malmendier,"National Bureau of Economic Research, USA",24402.0,191.0,https://orcid.org/0000-0002-2786-4365
0,"Gennaioli, Nicola",C,ERC,https://openalex.org/A5050249057,authors/A5050249057,Nicola Gennaioli,"Bocconi University, Italy",13338.0,182.0,
0,"Zucman, Gabriel",C,German_Bernacer_Prize,https://openalex.org/A5090091703,authors/A5090091703,Gabriel Zucman,,12063.0,189.0,
0,"Koijen, Ralph S. J.",C,German_Bernacer_Prize,https://openalex.org/A5083877502,authors/A5083877502,Ralph S. J. Koijen,"National Bureau of Economic Research, USA",8407.0,190.0,
1,"Che, Yeon-Koo",C,R._K._Cho_Economics_Prize,https://openalex.org/A5060447177,authors/A5060447177,Yeon‐Koo Che,"Dalian Maritime University, China",8457.0,205.0,https://orcid.org/0000-0002-8985-2554
0,"Bhalotra, Sonia",C,ERC,https://openalex.org/A5004235086,authors/A5004235086,Sonia Bhalotra,"Center for Economic and Policy Research, USA",5804.0,372.0,https://orcid.org/0000-0001-8634-8822
1,"Sun, Guanglin",T,HCP,https://openalex.org/A5088539082,authors/A5088539082,Guanglin Sun,"Nanjing University of Finance and Economics, China",1959.0,34.0,
0,"Shao, Xuefeng",T,HCP,https://openalex.org/A5090095130,authors/A5090095130,Xuefeng Shao,"Jilin University of Finance and Economics, China",4990.0,106.0,https://orcid.org/0000-0002-4267-9600
1,"Yu, Zhang",T,HCP,https://openalex.org/A5100697310,authors/A5100697310,Zhang Yu,"Beijing Union University, China",11952.0,343.0,https://orcid.org/0009-0006-7286-7625
1,"Philippon, Thomas",C,German_Bernacer_Prize,https://openalex.org/A5109486762,authors/A5109486762,Thomas Philippon,"New York University, USA",8633.0,152.0,
3,"Yang, Lili",T,HCP,https://openalex.org/A5069692822,authors/A5069692822,Lili Yang,"Qingdao University of Science and Technology, China",6763.0,174.0,https://orcid.org/0000-0003-1277-3791
0,"Angrist, Joshua",C,Nobel Prize,https://openalex.org/A5052500610,authors/A5052500610,Philip Oreopoulos,"University of Toronto, Canada",14302.0,225.0,https://orcid.org/0000-0003-4957-4972
0,"Irfan, Muhammad",T,HCP,https://openalex.org/A5008426853,authors/A5008426853,Muhammad Irfan,"European University of Lefke, Turkey",19735.0,337.0,https://orcid.org/0000-0003-1446-583X
3,"Kremer, Michael",C,Nobel Prize,https://openalex.org/A5035113852,authors/A5035113852,Michael Kremer,"Harvard University Press, USA",31281.0,487.0,https://orcid.org/0000-0001-7914-5269
1,"Imbens, Guido W.",C,Nobel Prize,https://openalex.org/A5052726702,authors/A5052726702,Guido W. Imbens,"Stanford University, USA",69750.0,436.0,https://orcid.org/0000-0002-4846-7326
1,"Andrews, Isaiah",C,John_Bates_Clark_Medal,https://openalex.org/A5114167505,authors/A5114167505,Isaiah Andrews,"IIT@MIT, USA",2830.0,90.0,
0,"Jackson, Matthew O.",C,John Von Neumann Award,https://openalex.org/A5044618645,authors/A5044618645,Matthew O. Jackson,"Stanford University, USA",35321.0,436.0,https://orcid.org/0000-0001-9846-4249
0,"Yue, Pengpeng",T,HCP,https://openalex.org/A5079950477,authors/A5079950477,Pengpeng Yue,"Beijing Technology and Business University, China",1838.0,35.0,https://orcid.org/0000-0002-5210-4309
0,"Rogerson, Richard",C,R._K._Cho_Economics_Prize,https://openalex.org/A5047967901,authors/A5047967901,Richard Rogerson,"National Bureau of Economic Research, USA",18449.0,295.0,
0,"Lundborg, Petter",C,Assar_Lindbeck_Medal,https://openalex.org/A5078292365,authors/A5078292365,Petter Lundborg,"Lund University, Sweden",4436.0,143.0,
1,"Chetty, Raj",C,John_Bates_Clark_Medal,https://openalex.org/A5051484328,authors/A5051484328,Raj Chetty,"National Bureau of Economic Research, USA",29820.0,295.0,https://orcid.org/0000-0001-8610-8546
2,"Mazzucato, Mariana",C,John Von Neumann Award,https://openalex.org/A5016553509,authors/A5016553509,Ha‐Joon Chang,"University of London, UK",12183.0,190.0,https://orcid.org/0000-0001-9117-7597
0,"Hendren, Nathaniel",C,Presidential Early Career Award for Scientists and Engineers,https://openalex.org/A5008884407,authors/A5008884407,Nathaniel Hendren,"National Bureau of Economic Research, USA",14895.0,671.0,https://orcid.org/0000-0002-6385-6506
0,"Athey, Susan",C,John Von Neumann Award,https://openalex.org/A5001211242,authors/A5001211242,Susan Athey,,21400.0,370.0,https://orcid.org/0000-0001-6934-562X
0,"Pedersen, Lasse Heje",C,German_Bernacer_Prize,https://openalex.org/A5022954104,authors/A5022954104,Lasse Heje Pedersen,"Copenhagen Business School, Denmark",33113.0,216.0,https://orcid.org/0000-0001-7126-5530
1,"Inoue, Atsushi",C,Nakahara_Prize,https://openalex.org/A5110282172,authors/A5110282172,Atsushi Inoue,"Vanderbilt University, USA",12465.0,545.0,
0,"Moon, Hyungsik Roger",C,R._K._Cho_Economics_Prize,https://openalex.org/A5053993503,authors/A5053993503,Hyungsik Roger Moon,"University of Southern California, USA",5254.0,182.0,https://orcid.org/0000-0002-5626-1600
0,"Strausz, Roland",C,ERC,https://openalex.org/A5021899039,authors/A5021899039,Roland Strausz,,2502.0,131.0,https://orcid.org/0000-0001-7111-1486
2,"He, Guojun",T,HCP,https://openalex.org/A5051244066,authors/A5051244066,Guojun He,"Anhui Business College, China",5928.0,108.0,https://orcid.org/0000-0003-2391-9493
0,"Restrepo, Pascual",C,Nobel Prize major coauthor,https://openalex.org/A5011062401,authors/A5011062401,Pascual Restrepo,"Yale University, USA",18710.0,106.0,
0,"Gentzkow, Matthew",C,John_Bates_Clark_Medal,https://openalex.org/A5008542297,authors/A5008542297,Matthew Gentzkow,"National Bureau of Economic Research, USA",27622.0,208.0,https://orcid.org/0000-0001-7758-8656
2,"Bolton, Patrick",C,ERC,https://openalex.org/A5030755834,authors/A5030755834,Patrick Bolton,"National Bureau of Economic Research, USA",38219.0,288.0,https://orcid.org/0000-0002-5270-6262
0,"Jiang, Qingzhe",T,HCP,https://openalex.org/A5108661898,authors/A5108661898,Qingzhe Jiang,"University of International Business and Economics, China",3935.0,89.0,
0,"Rust, Roland T.",T,HCP,https://openalex.org/A5037954003,authors/A5037954003,Roland T. Rust,,34895.0,226.0,https://orcid.org/0000-0003-2433-7719
3,"Gali, Jordi",C,ERC,https://openalex.org/A5076507287,authors/A5076507287,Jordi Galı́,"Centre de Recerca en Economia Internacional, Spain",43492.0,272.0,https://orcid.org/0000-0003-4950-7462
2,"Lu, Yi",T,HCP,https://openalex.org/A5104107322,authors/A5104107322,Yi Lu,"Nanjing Forestry University, China",2831.0,78.0,https://orcid.org/0000-0003-1714-1566
1,"Krishnamurthy, Arvin",C,SFI BEST PAPER AWARD,https://openalex.org/A5101497042,authors/A5101497042,Arvind Krishnamurthy,"Google (United States), USA",31924.0,507.0,https://orcid.org/0000-0002-9505-9528
0,"Hansen, Lars Peter",C,Nobel Prize,https://openalex.org/A5071003992,authors/A5071003992,Lars Peter Hansen,"National Bureau of Economic Research, USA",44990.0,359.0,https://orcid.org/0000-0003-0035-8558
0,"Flammer, Caroline",C,Moskowitz Prize,https://openalex.org/A5062974091,authors/A5062974091,Caroline Flammer,"National Bureau of Economic Research, USA",10411.0,86.0,https://orcid.org/0000-0001-6295-0915
1,"Belanche, Daniel",T,HCP,https://openalex.org/A5039082874,authors/A5039082874,Luis V. Casaló,"Universidad de Zaragoza, Spain",13132.0,147.0,https://orcid.org/0000-0002-9643-2814
0,"Hanson, Gordon",C,NBER and SLI fellow,https://openalex.org/A5031353967,authors/A5031353967,Gordon Hanson,"Harvard University, USA",29747.0,327.0,https://orcid.org/0000-0001-5798-140X
1,"Veldkamp, Laura",C,SFI BEST PAPER AWARD,https://openalex.org/A5013719629,authors/A5013719629,Justin Wolfers,"Helen Newberry Joy Hospital, USA",18462.0,234.0,https://orcid.org/0000-0001-7939-103X
0,"Gambardella, Alfonso",C,ERC,https://openalex.org/A5069038720,authors/A5069038720,Alfonso Gambardella,"Bocconi University, Italy",12711.0,316.0,https://orcid.org/0000-0002-8714-5813
1,"Foss, Nicolai J.",T,HCP,https://openalex.org/A5042599675,authors/A5042599675,Nicolai J. Foss,"Hong Kong Polytechnic University, Hong Kong",25033.0,516.0,https://orcid.org/0000-0003-2049-8347
0,"Sautner, Zacharias",T,HCP,https://openalex.org/A5046526188,authors/A5046526188,Zacharias Sautner,"University of Zurich, Switzerland",9870.0,103.0,https://orcid.org/0000-0002-0780-6571
0,"Kuchler, Theresa",C,Moskowitz Prize,https://openalex.org/A5006578976,authors/A5006578976,Theresa Kuchler,"New York University, USA",4779.0,97.0,https://orcid.org/0000-0001-8542-4993
0,"Mukoyama, Toshihiko",C,Nakahara_Prize,https://openalex.org/A5022573826,authors/A5022573826,Toshihiko Mukoyama,"Georgetown University, USA",1975.0,98.0,
0,"Moll, Benjamin",C,German_Bernacer_Prize,https://openalex.org/A5032528341,authors/A5032528341,Benjamin Moll,"London School of Economics and Political Science, UK",6331.0,85.0,
0,"Moll, Benjamin",C,ERC,https://openalex.org/A5032528341,authors/A5032528341,Benjamin Moll,"London School of Economics and Political Science, UK",6331.0,85.0,
0,"Burke, Marshall",C,bet paper awards,https://openalex.org/A5042407637,authors/A5042407637,Marshall Burke,"Stanford University, USA",27408.0,308.0,https://orcid.org/0000-0003-4288-5858
0,"Reis, Ricardo",C,German_Bernacer_Prize,https://openalex.org/A5006318958,authors/A5006318958,Ricardo Reis,"National Bureau of Economic Research, USA",10739.0,249.0,https://orcid.org/0000-0003-4844-9483
1,"Zhang, Weike",T,HCP,https://openalex.org/A5031062522,authors/A5031062522,Weike Zhang,"Sichuan University, China",2739.0,62.0,https://orcid.org/0000-0002-5176-4460
1,"Huang, Ming-Hui",T,HCP,https://openalex.org/A5067763065,authors/A5067763065,Ming‐Hui Huang,,11051.0,149.0,https://orcid.org/0000-0001-8954-3172
8,"Mohsin, Muhammad",T,HCP,https://openalex.org/A5009307388,authors/A5009307388,Muhammad Mohsin,"Jiangsu University, China",13009.0,194.0,https://orcid.org/0000-0002-4723-4184
0,"Kostova, Tatiana",T,HCP,https://openalex.org/A5061656331,authors/A5061656331,Tatiana Kostova,,22309.0,71.0,
0,"Obstfeld, Maurice",C,John Von Neumann Award,https://openalex.org/A5018047996,authors/A5018047996,Maurice Obstfeld,"National Bureau of Economic Research, USA",31464.0,440.0,https://orcid.org/0000-0003-2746-8538
0,"Bansal, Pratima",T,HCP,https://openalex.org/A5046485145,authors/A5046485145,Pratima Bansal,"Western University, Canada",23136.0,142.0,https://orcid.org/0000-0002-7899-9622
0,"Allcott, Hunt",C,Atkinson Award,https://openalex.org/A5069987310,authors/A5069987310,Hunt Allcott,"Stanford University, USA",22913.0,195.0,
0,"Nanda, Ramana",C,ERC,https://openalex.org/A5050841292,authors/A5050841292,Ramana Nanda,"Harvard University, USA",6456.0,172.0,https://orcid.org/0000-0001-7920-7730
1,"Gaechter, Simon",C,ERC,https://openalex.org/A5109907907,authors/A5109907907,Simon Gächter,,36680.0,198.0,
0,"Eeckhout, Jan",C,ERC,https://openalex.org/A5043222365,authors/A5043222365,Jan Eeckhout,"Institució Catalana de Recerca i Estudis Avançats, Spain",5750.0,119.0,https://orcid.org/0000-0001-6509-4296
0,"Yogo, Motohiro",C,SFI BEST PAPER AWARD,https://openalex.org/A5048794076,authors/A5048794076,Motohiro Yogo,"National Bureau of Economic Research, USA",9868.0,138.0,https://orcid.org/0000-0001-8778-778X
0,"Kunz, Werner H.",T,HCP,https://openalex.org/A5053767623,authors/A5053767623,Werner H. Kunz,"Boston University, USA",7613.0,139.0,https://orcid.org/0000-0001-6264-183X
0,"Nakamura, Emi",C,John_Bates_Clark_Medal,https://openalex.org/A5055718351,authors/A5055718351,Emi Nakamura,"Juntendo University, Japan",8350.0,181.0,https://orcid.org/0000-0003-1926-2118
0,"Greenwood, Robin",C,SFI BEST PAPER AWARD,https://openalex.org/A5110548704,authors/A5110548704,Robin Greenwood,"Boston University, USA",9384.0,145.0,
1,"Blanchard, Olivier",C,John Von Neumann Award,https://openalex.org/A5037232892,authors/A5037232892,Olivier Blanchard,"Peterson Institute for International Economics, USA",58684.0,659.0,https://orcid.org/0000-0003-1308-3207
0,"Maggiori, Matteo",C,German_Bernacer_Prize,https://openalex.org/A5065807417,authors/A5065807417,Matteo Maggiori,,5343.0,242.0,
0,"Rodrik, DanI",C,John Von Neumann Award,https://openalex.org/A5113832316,authors/A5113832316,Dani Rodrik,"National Bureau of Economic Research, USA",67590.0,540.0,
0,"Yang, Xiaodong",T,HCP,https://openalex.org/A5041985951,authors/A5041985951,Xiaodong Yang,"Ningbo University, China",4667.0,236.0,https://orcid.org/0000-0002-3553-2125
0,"Murphy, Kevin M.",C,John Von Neumann Award,https://openalex.org/A5103962165,authors/A5103962165,Kevin M. Murphy,"Mercy University Hospital, Ireland",792.0,15.0,
0,"Mikalef, Patrick",T,HCP,https://openalex.org/A5076679564,authors/A5076679564,Patrick Mikalef,"Norwegian University of Science and Technology, Norway",15653.0,190.0,https://orcid.org/0000-0002-6788-2277
0,"Kojima, Fuhito",C,Nakahara_Prize,https://openalex.org/A5072023922,authors/A5072023922,Fuhito Kojima,"Japan University of Economics, Japan",3792.0,113.0,https://orcid.org/0000-0002-1154-2652
0,"Fuchs-Schuendeln, Nicola",C,Gossen_Prize,,,,,,,
6,"Dubois, Pierre",C,ERC,https://openalex.org/A5005398233,authors/A5005398233,Rachel Griffith,"University of Southampton, UK",25550.0,398.0,https://orcid.org/0000-0002-8616-5820
0,"Hsiang, Solomon",C,Andrew Carnegie Fellow Award,https://openalex.org/A5056371388,authors/A5056371388,Solomon Hsiang,"Stanford University, USA",18867.0,241.0,https://orcid.org/0000-0002-2074-0829
0,"Harstad, Bard",C,ERC,https://openalex.org/A5112601992,authors/A5112601992,Bård Harstad,"Stanford University, USA",1879.0,99.0,
3,"Ren, Siyu",T,HCP,https://openalex.org/A5072191452,authors/A5072191452,Siyu Ren,"University of Science and Technology of China, China",9422.0,123.0,https://orcid.org/0000-0002-0369-1519
1,"Deaton, Angus",C,Nobel Prize,https://openalex.org/A5036192906,authors/A5036192906,Angus Deaton,,66959.0,664.0,https://orcid.org/0000-0002-9222-8023
9,"Li, Zhenghui",T,HCP,https://openalex.org/A5100696692,authors/A5100696692,Zhenghui Li,"Jiangxi University of Traditional Chinese Medicine, China",4911.0,207.0,https://orcid.org/0000-0002-3721-4243
0,"Spiliotis, Evangelos",T,HCP,https://openalex.org/A5015832946,authors/A5015832946,Evangelos Spiliotis,"National Technical University of Athens, Greece",5127.0,102.0,https://orcid.org/0000-0002-1854-1206
0,"Makridakis, Spyros",T,HCP,https://openalex.org/A5022353147,authors/A5022353147,Spyros Makridakis,"University of Nicosia, Cyprus",20389.0,208.0,https://orcid.org/0000-0003-2519-8095
0,"Nambisan, Satish",T,HCP,https://openalex.org/A5044486360,authors/A5044486360,Satish Nambisan,"Case Western Reserve University, USA",21280.0,106.0,https://orcid.org/0000-0001-9375-5223
0,"Tenreyro, Silvana",C,ERC,https://openalex.org/A5053384308,authors/A5053384308,Silvana Tenreyro,"Centre for Economic Policy Research, UK",12243.0,107.0,https://orcid.org/0000-0002-9816-7452
0,"Gawer, Annabelle",T,HCP,https://openalex.org/A5034801924,authors/A5034801924,Annabelle Gawer,"University of Surrey, UK",14708.0,107.0,https://orcid.org/0000-0001-9919-9088
0,"Kwok, Chuck C. Y.",C,Moskowitz Prize,https://openalex.org/A5054813318,authors/A5054813318,Chuck C.Y. Kwok,"University of South Carolina, USA",10307.0,111.0,https://orcid.org/0000-0003-1886-5478
0,"Smith, Wendy K.",T,HCP,https://openalex.org/A5110746760,authors/A5110746760,Wendy K. Smith,"University of Delaware, USA",16772.0,120.0,https://orcid.org/0000-0002-6019-7699
0,"Shiller, Robert J.",C,Nobel Prize,https://openalex.org/A5051645674,authors/A5051645674,Robert J. Shiller,"National Bureau of Economic Research, USA",53742.0,510.0,
2,"Goldin, Claudia",C,Nobel Prize,https://openalex.org/A5113890882,authors/A5113890882,Edward L. Glaeser,"Brookings Institution, USA",62601.0,561.0,
0,"Deschenes, Olivier",T,HCP,https://openalex.org/A5080582136,authors/A5080582136,Olivier Deschênes,"National Bureau of Economic Research, USA",10137.0,139.0,https://orcid.org/0000-0002-8737-0068
0,"Doepke, Matthias",C,ERC,https://openalex.org/A5075247079,authors/A5075247079,Matthias Doepke,"National Bureau of Economic Research, USA",9260.0,232.0,https://orcid.org/0000-0001-8073-6138
0,"Starks, Laura T.",C,Swedish Skandia Award and Moskowitz Prize,https://openalex.org/A5081692376,authors/A5081692376,Laura T. Starks,,31806.0,175.0,https://orcid.org/0000-0001-9388-069X
8,"Berg, Tobias",C,ERC,https://openalex.org/A5031587949,authors/A5031587949,Tobias Berger,"Linnaeus University, Sweden",3430.0,18.0,
0,"Morse, Adair",C,Moskowitz Prize,https://openalex.org/A5013391291,authors/A5013391291,Adair Morse,"National Bureau of Economic Research, USA",8203.0,97.0,
0,"Fama, Eugene F.",C,Nobel Prize,https://openalex.org/A5091820687,authors/A5091820687,Eugene F. Fama,"University of Chicago, USA",256312.0,239.0,
0,"Dogan, Eyup",T,HCP,https://openalex.org/A5063329602,authors/A5063329602,Eyüp Doğan,"University of Sharjah, United Arab Emirates",14236.0,104.0,
0,"Pastor, Lubos",C,Moskowitz Prize,https://openalex.org/A5078912696,authors/A5078912696,Ľuboš Pástor,"Center for Economic and Policy Research, USA",26706.0,149.0,https://orcid.org/0000-0002-7946-8057
0,"Calvano, Emilio",C,ERC,https://openalex.org/A5030092162,authors/A5030092162,Emilio Calvano,,1622.0,46.0,https://orcid.org/0000-0001-5899-6742
0,"Marquis, Christopher",C,Several book and paper awards,https://openalex.org/A5018951614,authors/A5018951614,Christopher Marquis,"University of Cambridge, UK",6569.0,205.0,https://orcid.org/0000-0003-0926-0565
0,"Itskhoki, Oleg",C,John_Bates_Clark_Medal,https://openalex.org/A5088518091,authors/A5088518091,Oleg Itskhoki,"Harvard University, USA",5541.0,123.0,https://orcid.org/0000-0002-5669-0771
0,"Venkateswaran, Venky",C,SFI BEST PAPER AWARD,https://openalex.org/A5011891408,authors/A5011891408,Venky Venkateswaran,"The Stern Cardiovascular Foundation, USA",1798.0,67.0,https://orcid.org/0000-0003-1378-8987
1,"Martin, Alberto",C,ERC,https://openalex.org/A5027612338,authors/A5027612338,Alberto Martini,"University of Siena, Italy",47266.0,1069.0,https://orcid.org/0000-0001-7642-1459
1,"Casalo, Luis, V",T,HCP,https://openalex.org/A5039082874,authors/A5039082874,Luis V. Casaló,"Universidad de Zaragoza, Spain",13132.0,147.0,https://orcid.org/0000-0002-9643-2814
0,"Sussman, Abigail B.",C,Moskowitz Prize,https://openalex.org/A5027438856,authors/A5027438856,Abigail B. Sussman,"University of Chicago, USA",3231.0,95.0,https://orcid.org/0000-0002-5333-558X
0,"Bauer, Rob",C,Moskowitz Prize,https://openalex.org/A5090287547,authors/A5090287547,Rob Bauer,"Maastricht University, Netherlands",8712.0,143.0,https://orcid.org/0000-0003-1468-1313
0,"Ljungqvist, Alexander",C,ERC,https://openalex.org/A5084233777,authors/A5084233777,Alexander Ljungqvist,"Stockholm School of Economics, Sweden",16457.0,160.0,https://orcid.org/0000-0002-6823-7771
0,"Razzaq, Asif",T,HCP,https://openalex.org/A5108775223,authors/A5108775223,Asif Razzaq,"Urumqi Vocational University, China",12634.0,127.0,
0,"Kline, Patrick",C,Sherwin Rosen Prize,https://openalex.org/A5035282458,authors/A5035282458,Patrick Kline,"Berkeley College, USA",12109.0,121.0,
0,"Le Barbanchon, Thomas",C,ERC,https://openalex.org/A5032219554,authors/A5032219554,Thomas Le Barbanchon,,1111.0,117.0,https://orcid.org/0000-0001-5329-0214
0,"Sadiq, Muhammad",T,HCP,https://openalex.org/A5024449095,authors/A5024449095,Muhammad Sadiq,"Fuzhou University, China",5997.0,94.0,https://orcid.org/0000-0002-6859-818X
0,"Levin, Jonathan",C,John_Bates_Clark_Medal,https://openalex.org/A5069334537,authors/A5069334537,Jonathan Levin,,9606.0,170.0,https://orcid.org/0000-0002-0975-7195
0,"Foucault, Thierry",C,ERC,https://openalex.org/A5109167594,authors/A5109167594,Thierry Foucault,"HEC Paris in Qatar, Qatar",5440.0,149.0,
0,"Biais, Bruno",C,ERC,https://openalex.org/A5006723379,authors/A5006723379,Bruno Biais,"HEC Paris, France",9339.0,188.0,
0,"Dagar, Vishal",T,HCP,https://openalex.org/A5042457507,authors/A5042457507,Vishal Dagar,"Great Lakes Institute of Management, India",6704.0,90.0,https://orcid.org/0000-0001-5032-1783
0,"Gabaix, Xavier",C,Fischer Black Prize,https://openalex.org/A5069579613,authors/A5069579613,Xavier Gabaix,"National Bureau of Economic Research, USA",28396.0,202.0,
0,"Kasahara, Hiroyuki",C,Nakahara_Prize,https://openalex.org/A5062503131,authors/A5062503131,Hiroyuki Kasahara,"Niigata University, Japan",9010.0,172.0,https://orcid.org/0000-0001-9413-6117
0,"Burgess, Robin",C,ERC,https://openalex.org/A5111807886,authors/A5111807886,Robin Burgess,"London School of Economics and Political Science, UK",10505.0,163.0,
0,"Hartzmark, Samuel M.",C,Moskowitz Prize,https://openalex.org/A5061802063,authors/A5061802063,Samuel M. Hartzmark,"Boston College, USA",3378.0,45.0,
0,"Karabarbounis, Loukas",C,German_Bernacer_Prize,https://openalex.org/A5069670842,authors/A5069670842,Loukas Karabarbounis,"University of Minnesota System, USA",5189.0,80.0,
1,"Dorn, David",C,Gossen_Prize,https://openalex.org/A5060691488,authors/A5060691488,David Dorn,"Ifo Institute for Economic Research, Germany",21516.0,155.0,https://orcid.org/0000-0002-1827-4734
0,"Dimson, Elroy",C,Moskowitz Prize,https://openalex.org/A5074071848,authors/A5074071848,Elroy Dimson,"University of Cambridge, UK",8938.0,146.0,https://orcid.org/0000-0003-3776-7988
0,"Mitman, Kurt",C,ERC,https://openalex.org/A5087954992,authors/A5087954992,Kurt Mitman,"Economic Policy Institute, USA",2804.0,85.0,https://orcid.org/0000-0003-3631-1073
1,"Sufi, Amir",C,Fischer Black Prize,https://openalex.org/A5042474653,authors/A5042474653,Philip E. Strahan,"Boston College, USA",24270.0,213.0,https://orcid.org/0000-0001-8634-6659
2,"Robin, Jean-Marc",C,ERC,https://openalex.org/A5076299639,authors/A5076299639,Jean‐Marc Robin,"Territoires, France",4941.0,240.0,https://orcid.org/0000-0002-3574-9359
0,"Childe, Stephen J.",T,HCP,https://openalex.org/A5052327280,authors/A5052327280,Stephen J. Childe,"University of Plymouth, UK",15574.0,129.0,https://orcid.org/0000-0002-9476-4209
0,"Zhao, Shikuan",T,HCP,https://openalex.org/A5077528082,authors/A5077528082,Shikuan Zhao,"Chongqing University, China",1580.0,45.0,https://orcid.org/0000-0001-7766-7071
0,"Cantoni, Davide",C,Gossen_Prize,https://openalex.org/A5061039550,authors/A5061039550,Davide Cantoni,"Ludwig-Maximilians-Universität München, Germany",2169.0,114.0,https://orcid.org/0000-0002-2654-3519
5,"Khan, Zeeshan",T,HCP,https://openalex.org/A5089850639,authors/A5089850639,Zeeshan Khan,"Bundelkhand University, India",12291.0,115.0,https://orcid.org/0000-0003-1374-0836
0,"Stambaugh, Robert F.",C,Fama–DFA Prize,https://openalex.org/A5023702151,authors/A5023702151,Robert F. Stambaugh,"University of Pennsylvania, USA",33462.0,149.0,
0,"Moxnes, Andreas",C,ERC,https://openalex.org/A5087528377,authors/A5087528377,Andreas Moxnes,"National Bureau of Economic Research, USA",2311.0,106.0,
2,"Yang, Cunyi",T,HCP,https://openalex.org/A5078637517,authors/A5078637517,Yong Tan,"University of Bradford, UK",4270.0,210.0,https://orcid.org/0000-0002-3482-1574
3,"Liu, Xiaoqian",T,HCP,https://openalex.org/A5100683619,authors/A5100683619,Xiaoqian Liu,"Ningbo University, China",3358.0,236.0,https://orcid.org/0009-0006-1919-6519
0,"Manova, Kalina",C,ERC,https://openalex.org/A5113264418,authors/A5113264418,Kalina Manova,"University College London, UK",6787.0,85.0,
0,"Barber, Brad M.",C,Moskowitz Prize,https://openalex.org/A5080437782,authors/A5080437782,Brad M. Barber,,38669.0,135.0,
0,"Chaney, Thomas",C,ERC,https://openalex.org/A5089888860,authors/A5089888860,Thomas Chaney,"University of Southern California, USA",3603.0,78.0,
0,"Tertilt, Michele",C,Gossen_Prize,https://openalex.org/A5042157664,authors/A5042157664,Michèle Tertilt,"University of Mannheim, Germany",7553.0,114.0,https://orcid.org/0000-0003-0605-4141
2,"Roth, Alvin E.",C,Nobel Prize,https://openalex.org/A5075977298,authors/A5075977298,Alvin E. Roth,"Stanford University, USA",41704.0,468.0,https://orcid.org/0000-0002-8834-6481
0,"Vayanos, Dimitri",C,SFI BEST PAPER AWARD,https://openalex.org/A5000113430,authors/A5000113430,Dimitri Vayanos,"Center for Economic and Policy Research, USA",9487.0,125.0,https://orcid.org/0000-0002-0944-4914
4,"Jiang, Hao",C,SFI BEST PAPER AWARD,https://openalex.org/A5029561912,authors/A5029561912,Hao Jiang,"Beijing Solar Energy Research Institute, China",5310.0,261.0,https://orcid.org/0000-0001-9853-3398
1,"Asher, Sam",C,ERC,https://openalex.org/A5001234997,authors/A5001234997,Sam Asher,"Imperial College London, UK",1440.0,184.0,https://orcid.org/0000-0002-2584-8011
0,"Taylor, Lucian A.",C,Moskowitz Prize,https://openalex.org/A5112890565,authors/A5112890565,Lucian A. Taylor,"University of Pennsylvania, USA",6108.0,47.0,
2,"Muir, Tyler",C,Fischer Black Prize,https://openalex.org/A5079166372,authors/A5079166372,Tobias Adrian,"International Monetary Fund, USA",13695.0,269.0,https://orcid.org/0000-0001-9379-9592
0,"Svensson, Jakob",C,ERC,https://openalex.org/A5041015513,authors/A5041015513,Jakob Svensson,"Central University of Haryana, India",18965.0,347.0,https://orcid.org/0000-0002-5097-6218
0,"Haddad, Valentin",C,SFI BEST PAPER AWARD,https://openalex.org/A5010670396,authors/A5010670396,Valentin Haddad,"Anderson University - South Carolina, USA",1441.0,53.0,
0,"Bouvard, Matthieu",C,SFI BEST PAPER AWARD,https://openalex.org/A5069404997,authors/A5069404997,Matthieu Bouvard,"Toulouse School of Economics, France",804.0,35.0,
0,"Farboodi, Maryan",C,SFI BEST PAPER AWARD,https://openalex.org/A5075384062,authors/A5075384062,Maryam Farboodi,"National Bureau of Economic Research, USA",1925.0,66.0,https://orcid.org/0000-0001-7066-5268
0,"Krueger, Philipp",T,HCP,https://openalex.org/A5112866317,authors/A5112866317,Philipp Krueger,"Swiss Finance Institute, Switzerland",5415.0,40.0,
1,"Hombert, Johan",C,ERC,https://openalex.org/A5058898111,authors/A5058898111,Adrien Matray,"National Bureau of Economic Research, USA",2536.0,57.0,
0,"Rabin, Matthew",C,John Von Neumann Award,https://openalex.org/A5112459695,authors/A5112459695,Matthew Rabin,"Harvard University Press, USA",36275.0,160.0,
0,"Hjort, Jonas",C,ERC,https://openalex.org/A5022127778,authors/A5022127778,Jonas Hjort,"Statistics Norway, Norway",1846.0,59.0,https://orcid.org/0009-0005-9466-3925
0,"Hossain, Mohammad Razib",T,HCP,https://openalex.org/A5047582566,authors/A5047582566,Mohammad Razib Hossain,"The University of Adelaide, Australia",3050.0,55.0,https://orcid.org/0000-0001-8448-1291
0,"Mishra, Dev R.",C,Moskowitz Prize,https://openalex.org/A5032334749,authors/A5032334749,Dev R. Mishra,"University of Saskatchewan, Canada",6128.0,71.0,https://orcid.org/0000-0003-2178-6818
0,"Sundaresan, Suresh",C,SFI BEST PAPER AWARD,https://openalex.org/A5083714704,authors/A5083714704,Suresh Sundaresan,"Columbia University, USA",6415.0,125.0,https://orcid.org/0000-0003-0227-0509
1,"Kondor, Peter",C,SFI BEST PAPER AWARD,https://openalex.org/A5005619956,authors/A5005619956,Péter Kondor,"Central European University, Austria",1061.0,58.0,
0,"Ioannou, Ioannis",T,HCP,https://openalex.org/A5041114744,authors/A5041114744,Ioannis Ioannou,"London Business School, UK",13154.0,76.0,https://orcid.org/0000-0002-5945-4870
0,"Hart, Oliver",C,Nobel Prize,https://openalex.org/A5010150198,authors/A5010150198,Oliver Hart,"University of Colorado Boulder, USA",59259.0,313.0,https://orcid.org/0000-0002-5391-7483
0,"Schmalz, Martin C.",C,ERC,https://openalex.org/A5088570401,authors/A5088570401,Martin C. Schmalz,"Center for Economic and Policy Research, USA",3503.0,103.0,https://orcid.org/0000-0002-8094-9456
0,"Minor, Dylan",C,Moskowitz Prize,https://openalex.org/A5023658727,authors/A5023658727,Dylan Minor,"Anderson University - South Carolina, USA",2545.0,61.0,
0,"Koren, Miklos",C,ERC,https://openalex.org/A5066597415,authors/A5066597415,Miklós Koren,"University of Ljubljana, Slovenia",2785.0,90.0,https://orcid.org/0000-0003-4495-7560
1,"Klingler, Sven",C,SFI BEST PAPER AWARD,https://openalex.org/A5067818890,authors/A5067818890,Angelo Ranaldo,,3599.0,143.0,https://orcid.org/0000-0002-8785-816X
0,"Loualiche, Erik",C,SFI BEST PAPER AWARD,https://openalex.org/A5033873901,authors/A5033873901,Erik Loualiche,"University of Minnesota, USA",463.0,31.0,https://orcid.org/0000-0002-2907-341X
0,"Guerrieri, Veronica",C,German_Bernacer_Prize,https://openalex.org/A5021180688,authors/A5021180688,Veronica Guerrieri,"University of Chicago, USA",4546.0,74.0,
0,"Nekoei, Arash",C,ERC,https://openalex.org/A5057259115,authors/A5057259115,Arash Nekoei,"Stockholm University, Sweden",573.0,32.0,
0,"Gormsen, Niels",C,Moskowitz Prize,https://openalex.org/A5057300372,authors/A5057300372,Niels Joachim Gormsen,"University of Chicago, USA",1459.0,49.0,https://orcid.org/0009-0001-7859-5812
0,"Thaler, Richard H.",C,John Von Neumann Award,https://openalex.org/A5081252843,authors/A5081252843,Richard H. Thaler,"University of Chicago, USA",110477.0,274.0,https://orcid.org/0000-0001-7550-2855
1,"Hong, Bryan",C,Moskowitz Prize,https://openalex.org/A5070475370,authors/A5070475370,Bryan Hong,"New York University, USA",1538.0,28.0,https://orcid.org/0000-0001-5959-8957
1,"Vissing-Jorgensen, Annette",C,SFI BEST PAPER AWARD,https://openalex.org/A5053979330,authors/A5053979330,Tobias J. Moskowitz,"National Bureau of Economic Research, USA",18220.0,120.0,
1,"Johnson, Simon",C,Nobel Prize,https://openalex.org/A5111446264,authors/A5111446264,Simon Johnson,"Center for Economic and Policy Research, USA",55706.0,350.0,https://orcid.org/0009-0003-7488-673X
0,"Puga, Diego",C,ERC,https://openalex.org/A5016166651,authors/A5016166651,Diego Puga,"Pontificia Universidad Católica de Chile, Chile",13131.0,101.0,https://orcid.org/0000-0003-2640-1534
0,"Casamatta, Catherine",C,SFI BEST PAPER AWARD,https://openalex.org/A5108073127,authors/A5108073127,Catherine Casamatta,"Toulouse School of Economics, France",1544.0,36.0,
0,"Sims, Christopher A.",C,Nobel Prize,https://openalex.org/A5003198220,authors/A5003198220,Christopher A. Sims,"Princeton University, USA",44959.0,264.0,
1,"Holmstrom, Bengt",C,Nobel Prize,https://openalex.org/A5003462830,authors/A5003462830,Bengt Holmström,"Massachusetts Institute of Technology, USA",43356.0,107.0,
